session_id,session,session_date,side,breakout_time,breakout_side,reentry_time,confirmation_time,entry_time,entry_price,entry_reason,stop,tp_midpoint,tp_opposite_extreme,or_high,or_low,or_mid,or_size,daily_atr,daily_atr_pct,or_size_vs_daily_atr,or_size_vs_atr,invalid_signal_reason
ny_2025-01-02,ny,2025-01-02,long,2025-01-02 15:35:00+00:00,below,2025-01-02 16:10:00+00:00,2025-01-02 16:10:00+00:00,2025-01-02 16:15:00+00:00,96632.8,breakout_reentry_v1,95260.31785714286,96835.55,97440.0,97440.0,96231.1,96835.55,1208.8999999999942,3883.1285714285705,0.041056160085477834,0.31132113649156096,0.31132113649156096,
ny_2025-01-08,ny,2025-01-08,long,2025-01-08 14:45:00+00:00,below,2025-01-08 15:00:00+00:00,2025-01-08 15:00:00+00:00,2025-01-08 15:05:00+00:00,95804.1,breakout_reentry_v1,94157.2375,95409.1,95848.6,95848.6,94969.6,95409.1,879.0,3249.4500000000003,0.03352703200464712,0.2705073166228131,0.2705073166228131,
ny_2025-01-10,ny,2025-01-10,short,2025-01-10 14:45:00+00:00,above,2025-01-10 14:45:00+00:00,2025-01-10 14:45:00+00:00,2025-01-10 14:50:00+00:00,93681.9,breakout_reentry_v1,95277.51607142857,93983.1,93541.0,94425.2,93541.0,93983.1,884.1999999999971,3409.2642857142855,0.036854560473594505,0.25935214342432406,0.25935214342432406,
ny_2025-01-11,ny,2025-01-11,short,2025-01-11 14:55:00+00:00,above,2025-01-11 15:15:00+00:00,2025-01-11 15:15:00+00:00,2025-01-11 15:20:00+00:00,94390.1,breakout_reentry_v1,95435.39464285714,94467.75,94345.0,94590.5,94345.0,94467.75,245.5,3379.5785714285707,0.0356964428118,0.07264219334194248,0.07264219334194248,
ny_2025-01-12,ny,2025-01-12,long,2025-01-12 14:45:00+00:00,below,2025-01-12 15:15:00+00:00,2025-01-12 15:15:00+00:00,2025-01-12 15:20:00+00:00,95147.7,breakout_reentry_v1,93936.9,94859.95,94945.5,94945.5,94774.4,94859.95,171.10000000000582,3349.999999999999,0.035426305353602104,0.05107462686567339,0.05107462686567339,
ny_2025-01-14,ny,2025-01-14,long,2025-01-14 14:45:00+00:00,below,2025-01-14 15:05:00+00:00,2025-01-14 15:05:00+00:00,2025-01-14 15:10:00+00:00,96712.3,breakout_reentry_v1,95670.94642857143,96896.70000000001,97232.3,97232.3,96561.1,96896.70000000001,671.1999999999971,3560.614285714284,0.03768432005522853,0.18850679858611805,0.18850679858611805,
ny_2025-01-16,ny,2025-01-16,long,2025-01-16 14:45:00+00:00,below,2025-01-16 15:50:00+00:00,2025-01-16 15:50:00+00:00,2025-01-16 15:55:00+00:00,98732.5,breakout_reentry_v1,97273.65,98737.35,99299.5,99299.5,98175.2,98737.35,1124.300000000003,3606.199999999998,0.035896874377861814,0.3117686207087803,0.3117686207087803,
ny_2025-01-18,ny,2025-01-18,short,2025-01-18 15:15:00+00:00,above,2025-01-18 16:15:00+00:00,2025-01-18 16:15:00+00:00,2025-01-18 16:20:00+00:00,103938.0,breakout_reentry_v1,105106.45535714286,103904.85,103659.9,104149.8,103659.9,103904.85,489.90000000000873,3826.6214285714263,0.03677940676715214,0.12802416155990134,0.12802416155990134,
ny_2025-01-19,ny,2025-01-19,long,2025-01-19 14:45:00+00:00,below,2025-01-19 14:45:00+00:00,2025-01-19 14:45:00+00:00,2025-01-19 14:50:00+00:00,105152.0,breakout_reentry_v1,103969.40535714285,105275.2,105599.4,105599.4,104951.0,105275.2,648.3999999999942,3926.3785714285696,0.03756426564376484,0.16513945056604182,0.16513945056604182,
ny_2025-01-20,ny,2025-01-20,short,2025-01-20 14:50:00+00:00,above,2025-01-20 15:10:00+00:00,2025-01-20 15:10:00+00:00,2025-01-20 15:15:00+00:00,107462.6,breakout_reentry_v1,109041.5875,107644.65,107322.6,107966.7,107322.6,107644.65,644.0999999999913,4299.549999999997,0.042438913647512844,0.14980637508576286,0.14980637508576286,
ny_2025-01-21,ny,2025-01-21,long,2025-01-21 14:55:00+00:00,below,2025-01-21 15:55:00+00:00,2025-01-21 15:55:00+00:00,2025-01-21 16:00:00+00:00,103929.1,breakout_reentry_v1,102055.2625,104264.15,105292.3,105292.3,103236.0,104264.15,2056.300000000003,4722.949999999998,0.046191304245772,0.4353846642458641,0.4353846642458641,
ny_2025-01-22,ny,2025-01-22,long,2025-01-22 14:45:00+00:00,below,2025-01-22 15:05:00+00:00,2025-01-22 15:05:00+00:00,2025-01-22 15:10:00+00:00,104760.4,breakout_reentry_v1,102851.50357142858,104479.9,104918.0,104918.0,104041.8,104479.9,876.1999999999971,4761.1857142857125,0.04486838004500528,0.18402978849806267,0.18402978849806267,
ny_2025-01-27,ny,2025-01-27,short,2025-01-27 14:45:00+00:00,above,2025-01-27 16:20:00+00:00,2025-01-27 16:20:00+00:00,2025-01-27 16:25:00+00:00,100648.8,breakout_reentry_v1,102601.76071428572,100866.25,100352.5,101380.0,100352.5,100866.25,1027.5,4887.042857142856,0.047650527418975366,0.21024984434057412,0.21024984434057412,
ny_2025-01-28,ny,2025-01-28,short,2025-01-28 15:00:00+00:00,above,2025-01-28 16:00:00+00:00,2025-01-28 16:00:00+00:00,2025-01-28 16:05:00+00:00,102601.3,breakout_reentry_v1,104072.57142857142,102443.7,102010.0,102877.4,102010.0,102443.7,867.3999999999942,4780.6857142857125,0.04685968238285253,0.18143840692309415,0.18143840692309415,
ny_2025-01-29,ny,2025-01-29,long,2025-01-29 14:45:00+00:00,below,2025-01-29 15:05:00+00:00,2025-01-29 15:05:00+00:00,2025-01-29 15:10:00+00:00,102266.5,breakout_reentry_v1,100476.55892857142,102018.79999999999,102356.7,102356.7,101680.9,102018.79999999999,675.8000000000029,4817.364285714284,0.047565001103028484,0.1402841802942042,0.1402841802942042,
ny_2025-01-31,ny,2025-01-31,long,2025-01-31 14:50:00+00:00,below,2025-01-31 15:00:00+00:00,2025-01-31 15:00:00+00:00,2025-01-31 15:05:00+00:00,104644.9,breakout_reentry_v1,102915.58571428573,104462.85,104824.6,104824.6,104101.1,104462.85,723.5,4742.057142857142,0.04530184924140037,0.1525709155761213,0.1525709155761213,
ny_2025-02-04,ny,2025-02-04,long,2025-02-04 15:15:00+00:00,below,2025-02-04 15:45:00+00:00,2025-02-04 15:45:00+00:00,2025-02-04 15:50:00+00:00,99579.1,breakout_reentry_v1,97872.28035714285,99694.6,100371.0,100371.0,99018.2,99694.6,1352.800000000003,4583.67857142857,0.045251368756680524,0.2951341327536375,0.2951341327536375,
ny_2025-02-05,ny,2025-02-05,long,2025-02-05 14:55:00+00:00,below,2025-02-05 15:20:00+00:00,2025-02-05 15:20:00+00:00,2025-02-05 15:25:00+00:00,98364.9,breakout_reentry_v1,97208.33571428571,98725.7,99124.2,99124.2,98327.2,98725.7,797.0,4475.457142857141,0.04580351778946802,0.17808236668560604,0.17808236668560604,
ny_2025-02-07,ny,2025-02-07,short,2025-02-07 14:45:00+00:00,above,2025-02-07 15:10:00+00:00,2025-02-07 15:10:00+00:00,2025-02-07 15:15:00+00:00,98380.1,breakout_reentry_v1,100976.61428571428,99513.6,99128.2,99899.0,99128.2,99513.6,770.8000000000029,4310.457142857141,0.04466096126779271,0.17882094043720995,0.17882094043720995,
ny_2025-02-11,ny,2025-02-11,short,2025-02-11 14:45:00+00:00,above,2025-02-11 14:45:00+00:00,2025-02-11 14:45:00+00:00,2025-02-11 14:50:00+00:00,97013.6,breakout_reentry_v1,98218.70714285714,96949.25,96710.5,97188.0,96710.5,96949.25,477.5,4122.8285714285685,0.04233787678917642,0.11581854344104957,0.11581854344104957,
ny_2025-02-12,ny,2025-02-12,short,2025-02-12 14:55:00+00:00,above,2025-02-12 15:00:00+00:00,2025-02-12 15:00:00+00:00,2025-02-12 15:05:00+00:00,95087.2,breakout_reentry_v1,96647.09821428571,95018.5,94422.5,95614.5,94422.5,95018.5,1192.0,4130.392857142854,0.04314564351030962,0.28859240300559463,0.28859240300559463,
ny_2025-02-13,ny,2025-02-13,short,2025-02-13 14:45:00+00:00,above,2025-02-13 14:45:00+00:00,2025-02-13 14:45:00+00:00,2025-02-13 14:50:00+00:00,95892.8,breakout_reentry_v1,97038.14285714286,95641.65,95288.5,95994.8,95288.5,95641.65,706.3000000000029,4173.371428571425,0.04266539859482954,0.16923966919517022,0.16923966919517022,
ny_2025-02-14,ny,2025-02-14,short,2025-02-14 14:45:00+00:00,above,2025-02-14 15:10:00+00:00,2025-02-14 15:10:00+00:00,2025-02-14 15:15:00+00:00,96626.6,breakout_reentry_v1,98317.41785714285,96900.35,96520.7,97280.0,96520.7,96900.35,759.3000000000029,4149.671428571425,0.04297478918494111,0.18297834251937417,0.18297834251937417,
ny_2025-02-17,ny,2025-02-17,long,2025-02-17 15:15:00+00:00,below,2025-02-17 15:20:00+00:00,2025-02-17 15:20:00+00:00,2025-02-17 15:25:00+00:00,96591.1,breakout_reentry_v1,95650.41785714286,96656.05,96756.5,96756.5,96555.6,96656.05,200.89999999999418,3620.728571428569,0.0376896184062016,0.05548607028577359,0.05548607028577359,
ny_2025-02-19,ny,2025-02-19,long,2025-02-19 14:55:00+00:00,below,2025-02-19 15:30:00+00:00,2025-02-19 15:30:00+00:00,2025-02-19 15:35:00+00:00,96342.7,breakout_reentry_v1,95124.26607142857,96248.35,96676.0,96676.0,95820.7,96248.35,855.3000000000029,2785.7357142857113,0.02913279072060521,0.30702840747379,0.30702840747379,
ny_2025-02-21,ny,2025-02-21,short,2025-02-21 15:00:00+00:00,above,2025-02-21 15:20:00+00:00,2025-02-21 15:20:00+00:00,2025-02-21 15:25:00+00:00,98235.3,breakout_reentry_v1,99649.83214285715,98642.5,98289.9,98995.1,98289.9,98642.5,705.2000000000116,2618.9285714285693,0.026654974778643373,0.2692704213827948,0.2692704213827948,
ny_2025-02-22,ny,2025-02-22,long,2025-02-22 14:55:00+00:00,below,2025-02-22 15:05:00+00:00,2025-02-22 15:05:00+00:00,2025-02-22 15:10:00+00:00,96580.0,breakout_reentry_v1,95824.4875,96558.3,96636.6,96636.6,96480.0,96558.3,156.60000000000582,2622.049999999999,0.02727668033942278,0.0597242615510787,0.0597242615510787,
ny_2025-02-26,ny,2025-02-26,short,2025-02-26 14:45:00+00:00,above,2025-02-26 16:10:00+00:00,2025-02-26 16:10:00+00:00,2025-02-26 16:15:00+00:00,86839.9,breakout_reentry_v1,87577.5875,86228.4,85600.1,86856.7,85600.1,86228.4,1256.5999999999913,2883.5500000000006,0.032531354673050614,0.4357822822562435,0.4357822822562435,
ny_2025-02-27,ny,2025-02-27,long,2025-02-27 14:45:00+00:00,below,2025-02-27 15:35:00+00:00,2025-02-27 15:35:00+00:00,2025-02-27 15:40:00+00:00,85941.8,breakout_reentry_v1,84630.30357142858,85890.45000000001,86375.1,86375.1,85405.8,85890.45000000001,969.3000000000029,3101.9857142857154,0.03683696674665521,0.31247726110924423,0.31247726110924423,
ny_2025-03-01,ny,2025-03-01,short,2025-03-01 14:55:00+00:00,above,2025-03-01 15:00:00+00:00,2025-03-01 15:00:00+00:00,2025-03-01 15:05:00+00:00,84638.3,breakout_reentry_v1,85547.26964285715,84521.1,84374.4,84667.8,84374.4,84521.1,293.40000000000873,3517.8785714285727,0.041730667422248416,0.08340253764951931,0.08340253764951931,
ny_2025-03-02,ny,2025-03-02,long,2025-03-02 14:45:00+00:00,below,2025-03-02 15:25:00+00:00,2025-03-02 15:25:00+00:00,2025-03-02 15:30:00+00:00,86376.7,breakout_reentry_v1,84167.61785714286,85338.7,85595.2,85595.2,85082.2,85338.7,513.0,3658.328571428573,0.04253489596197286,0.1402279729618912,0.1402279729618912,
ny_2025-03-06,ny,2025-03-06,short,2025-03-06 15:05:00+00:00,above,2025-03-06 16:25:00+00:00,2025-03-06 16:25:00+00:00,2025-03-06 16:30:00+00:00,90255.2,breakout_reentry_v1,91673.65892857143,89710.0,89070.0,90350.0,89070.0,89710.0,1280.0,5294.635714285716,0.05846156248624723,0.2417541204102804,0.2417541204102804,
ny_2025-03-07,ny,2025-03-07,short,2025-03-07 14:45:00+00:00,above,2025-03-07 15:25:00+00:00,2025-03-07 15:25:00+00:00,2025-03-07 15:30:00+00:00,89179.4,breakout_reentry_v1,91671.76071428572,89451.1,88602.2,90300.0,88602.2,89451.1,1697.800000000003,5487.042857142858,0.0610432434339572,0.30941985404576544,0.30941985404576544,
ny_2025-03-11,ny,2025-03-11,long,2025-03-11 13:55:00+00:00,below,2025-03-11 15:05:00+00:00,2025-03-11 15:05:00+00:00,2025-03-11 15:10:00+00:00,80895.3,breakout_reentry_v1,79264.85178571429,81289.6,81780.0,81780.0,80799.2,81289.6,980.8000000000029,6137.392857142858,0.07811588026065204,0.15980727042078174,0.15980727042078174,
ny_2025-03-14,ny,2025-03-14,short,2025-03-14 13:50:00+00:00,above,2025-03-14 14:05:00+00:00,2025-03-14 14:05:00+00:00,2025-03-14 14:10:00+00:00,82974.4,breakout_reentry_v1,85258.44285714286,83385.9,83000.0,83771.8,83000.0,83385.9,771.8000000000029,5946.571428571429,0.07333714119399337,0.12978907413635757,0.12978907413635757,
ny_2025-03-16,ny,2025-03-16,long,2025-03-16 13:45:00+00:00,below,2025-03-16 14:50:00+00:00,2025-03-16 14:50:00+00:00,2025-03-16 14:55:00+00:00,83046.2,breakout_reentry_v1,81211.1125,82846.35,83067.5,83067.5,82625.2,82846.35,442.3000000000029,5656.35,0.0670955566178625,0.0781953026244845,0.0781953026244845,
ny_2025-03-17,ny,2025-03-17,long,2025-03-17 14:00:00+00:00,below,2025-03-17 14:45:00+00:00,2025-03-17 14:45:00+00:00,2025-03-17 14:50:00+00:00,83215.7,breakout_reentry_v1,81463.46964285715,83230.95000000001,83704.8,83704.8,82757.1,83230.95000000001,947.6999999999971,5174.521428571429,0.06268986097399891,0.18314737180663992,0.18314737180663992,
ny_2025-03-20,ny,2025-03-20,short,2025-03-20 13:45:00+00:00,above,2025-03-20 15:00:00+00:00,2025-03-20 15:00:00+00:00,2025-03-20 15:05:00+00:00,85516.0,breakout_reentry_v1,86811.45535714286,85404.85,85076.7,85733.0,85076.7,85404.85,656.3000000000029,4313.821428571429,0.049692793078332506,0.15213888911886278,0.15213888911886278,
ny_2025-03-21,ny,2025-03-21,short,2025-03-21 13:45:00+00:00,above,2025-03-21 14:00:00+00:00,2025-03-21 14:00:00+00:00,2025-03-21 14:05:00+00:00,83827.9,breakout_reentry_v1,84898.75178571428,83481.0,83122.0,83840.0,83122.0,83481.0,718.0,4235.007142857144,0.05030679541926389,0.1695392654085589,0.1695392654085589,
ny_2025-03-25,ny,2025-03-25,long,2025-03-25 13:45:00+00:00,below,2025-03-25 13:50:00+00:00,2025-03-25 13:50:00+00:00,2025-03-25 13:55:00+00:00,87413.7,breakout_reentry_v1,86328.84642857143,87590.6,88032.0,88032.0,87149.2,87590.6,882.8000000000029,3281.414285714286,0.03751757061484331,0.26903033970544143,0.26903033970544143,
ny_2025-03-26,ny,2025-03-26,short,2025-03-26 13:45:00+00:00,above,2025-03-26 13:45:00+00:00,2025-03-26 13:45:00+00:00,2025-03-26 13:50:00+00:00,87624.9,breakout_reentry_v1,88572.6392857143,87586.35,87334.7,87838.0,87334.7,87586.35,503.3000000000029,2938.557142857143,0.033633556936803595,0.17127453220482453,0.17127453220482453,
ny_2025-03-27,ny,2025-03-27,short,2025-03-27 14:00:00+00:00,above,2025-03-27 14:05:00+00:00,2025-03-27 14:05:00+00:00,2025-03-27 14:10:00+00:00,86275.0,breakout_reentry_v1,87175.16428571429,86095.5,85724.5,86466.5,85724.5,86095.5,742.0,2834.657142857143,0.0326295976791293,0.2617600516061403,0.2617600516061403,
ny_2025-03-29,ny,2025-03-29,short,2025-03-29 13:45:00+00:00,above,2025-03-29 14:05:00+00:00,2025-03-29 14:05:00+00:00,2025-03-29 14:10:00+00:00,82667.4,breakout_reentry_v1,83331.10535714285,82591.1,82506.8,82675.4,82506.8,82591.1,168.59999999999127,2622.8214285714275,0.03108315432623805,0.06428192105011993,0.06428192105011993,
ny_2025-03-30,ny,2025-03-30,short,2025-03-30 14:45:00+00:00,above,2025-03-30 14:50:00+00:00,2025-03-30 14:50:00+00:00,2025-03-30 14:55:00+00:00,82919.8,breakout_reentry_v1,83628.53749999999,82734.9,82531.4,82938.4,82531.4,82734.9,407.0,2760.549999999999,0.03341880062514602,0.14743438807484022,0.14743438807484022,
ny_2025-03-31,ny,2025-03-31,long,2025-03-31 13:45:00+00:00,below,2025-03-31 13:50:00+00:00,2025-03-31 13:50:00+00:00,2025-03-31 13:55:00+00:00,82447.3,breakout_reentry_v1,81042.18035714286,82138.2,82565.9,82565.9,81710.5,82138.2,855.3999999999942,2673.278571428571,0.03246129544385341,0.3199816170085401,0.3199816170085401,
ny_2025-04-01,ny,2025-04-01,short,2025-04-01 13:45:00+00:00,above,2025-04-01 13:50:00+00:00,2025-04-01 13:50:00+00:00,2025-04-01 13:55:00+00:00,83610.6,breakout_reentry_v1,84472.32500000001,83579.15,83360.2,83798.1,83360.2,83579.15,437.90000000000873,2696.899999999999,0.032682764262126206,0.1623716118506466,0.1623716118506466,
ny_2025-04-04,ny,2025-04-04,short,2025-04-04 13:50:00+00:00,above,2025-04-04 14:05:00+00:00,2025-04-04 14:05:00+00:00,2025-04-04 14:10:00+00:00,82798.4,breakout_reentry_v1,83631.78749999999,82526.35,82111.0,82941.7,82111.0,82526.35,830.6999999999971,2760.3499999999995,0.03318466245499299,0.30094009817595496,0.30094009817595496,
ny_2025-04-05,ny,2025-04-05,short,2025-04-05 14:00:00+00:00,above,2025-04-05 14:05:00+00:00,2025-04-05 14:05:00+00:00,2025-04-05 14:10:00+00:00,82778.6,breakout_reentry_v1,83565.55178571428,82718.15,82585.3,82851.0,82585.3,82718.15,265.6999999999971,2858.207142857141,0.03408255229595941,0.09296037226133169,0.09296037226133169,
ny_2025-04-06,ny,2025-04-06,short,2025-04-06 14:10:00+00:00,above,2025-04-06 14:15:00+00:00,2025-04-06 14:15:00+00:00,2025-04-06 14:20:00+00:00,82449.9,breakout_reentry_v1,83341.95178571428,82510.04999999999,82410.4,82609.7,82410.4,82510.04999999999,199.3000000000029,2929.0071428571414,0.035075367462462516,0.06804353498625917,0.06804353498625917,
ny_2025-04-07,ny,2025-04-07,long,2025-04-07 13:45:00+00:00,below,2025-04-07 13:50:00+00:00,2025-04-07 13:50:00+00:00,2025-04-07 13:55:00+00:00,77745.9,breakout_reentry_v1,74963.13035714286,76482.5,77192.3,77192.3,75772.7,76482.5,1419.6000000000058,3238.27857142857,0.041309842727753156,0.4383810622486835,0.4383810622486835,
ny_2025-04-09,ny,2025-04-09,short,2025-04-09 14:00:00+00:00,above,2025-04-09 14:55:00+00:00,2025-04-09 14:55:00+00:00,2025-04-09 15:00:00+00:00,76841.7,breakout_reentry_v1,78730.4357142857,77310.9,76805.6,77816.2,76805.6,77310.9,1010.5999999999913,3656.9428571428557,0.04792979698186786,0.2763510504480691,0.2763510504480691,
ny_2025-04-10,ny,2025-04-10,long,2025-04-10 14:00:00+00:00,below,2025-04-10 14:30:00+00:00,2025-04-10 14:30:00+00:00,2025-04-10 14:35:00+00:00,81589.9,breakout_reentry_v1,79703.39107142857,81275.45000000001,81816.8,81816.8,80734.1,81275.45000000001,1082.699999999997,4122.835714285713,0.04992051768157254,0.26261051252865075,0.26261051252865075,
ny_2025-04-11,ny,2025-04-11,long,2025-04-11 14:20:00+00:00,below,2025-04-11 15:25:00+00:00,2025-04-11 15:25:00+00:00,2025-04-11 15:30:00+00:00,82144.1,breakout_reentry_v1,80891.24464285714,82630.4,83297.9,83297.9,81962.9,82630.4,1335.0,4286.621428571428,0.05387896748086893,0.3114340797864453,0.3114340797864453,
ny_2025-04-14,ny,2025-04-14,long,2025-04-14 13:45:00+00:00,below,2025-04-14 14:20:00+00:00,2025-04-14 14:20:00+00:00,2025-04-14 14:25:00+00:00,84806.7,breakout_reentry_v1,83125.0875,84627.7,85010.7,85010.7,84244.7,84627.7,766.0,4478.449999999998,0.053497217301349695,0.1710413200995881,0.1710413200995881,
ny_2025-04-15,ny,2025-04-15,short,2025-04-15 13:45:00+00:00,above,2025-04-15 13:55:00+00:00,2025-04-15 13:55:00+00:00,2025-04-15 14:00:00+00:00,85537.1,breakout_reentry_v1,87189.79642857143,85820.85,85561.7,86080.0,85561.7,85820.85,518.3000000000029,4439.1857142857125,0.05250125321582698,0.11675564694940906,0.11675564694940906,
ny_2025-04-17,ny,2025-04-17,long,2025-04-17 14:00:00+00:00,below,2025-04-17 15:05:00+00:00,2025-04-17 15:05:00+00:00,2025-04-17 15:10:00+00:00,84352.8,breakout_reentry_v1,83233.1107142857,84463.1,84656.5,84656.5,84269.7,84463.1,386.8000000000029,4146.357142857142,0.049367271613967645,0.09328670605867528,0.09328670605867528,
ny_2025-04-20,ny,2025-04-20,short,2025-04-20 14:05:00+00:00,above,2025-04-20 15:15:00+00:00,2025-04-20 15:15:00+00:00,2025-04-20 15:20:00+00:00,84379.1,breakout_reentry_v1,85388.28571428571,84316.15,84212.3,84420.0,84212.3,84316.15,207.6999999999971,3873.1428571428573,0.04554125849552256,0.05362570079669444,0.05362570079669444,
ny_2025-04-24,ny,2025-04-24,long,2025-04-24 13:50:00+00:00,below,2025-04-24 13:50:00+00:00,2025-04-24 13:50:00+00:00,2025-04-24 13:55:00+00:00,92594.0,breakout_reentry_v1,91767.43214285714,92726.79999999999,92935.7,92935.7,92517.9,92726.79999999999,417.8000000000029,3001.8714285714295,0.03206028091403941,0.13917984495386304,0.13917984495386304,
ny_2025-04-26,ny,2025-04-26,short,2025-04-26 14:00:00+00:00,above,2025-04-26 14:00:00+00:00,2025-04-26 14:00:00+00:00,2025-04-26 14:05:00+00:00,93908.8,breakout_reentry_v1,94787.86428571428,94014.1,93913.8,94114.4,93913.8,94014.1,200.59999999999127,2693.857142857145,0.028478759711276717,0.07446571564935768,0.07446571564935768,
ny_2025-04-27,ny,2025-04-27,short,2025-04-27 13:45:00+00:00,above,2025-04-27 14:50:00+00:00,2025-04-27 14:50:00+00:00,2025-04-27 14:55:00+00:00,93906.0,breakout_reentry_v1,94607.84821428572,93856.6,93746.6,93966.6,93746.6,93856.6,220.0,2564.99285714286,0.02712105601272695,0.08577021935455116,0.08577021935455116,
ny_2025-04-29,ny,2025-04-29,long,2025-04-29 14:00:00+00:00,below,2025-04-29 14:05:00+00:00,2025-04-29 14:05:00+00:00,2025-04-29 14:10:00+00:00,94982.6,breakout_reentry_v1,93988.43392857144,94806.4,94994.2,94994.2,94618.6,94806.4,375.59999999999127,2520.664285714288,0.02654196933435424,0.14900833963835705,0.14900833963835705,
ny_2025-05-01,ny,2025-05-01,long,2025-05-01 13:50:00+00:00,below,2025-05-01 14:05:00+00:00,2025-05-01 14:05:00+00:00,2025-05-01 14:10:00+00:00,96102.4,breakout_reentry_v1,95241.7357142857,96221.35,96592.7,96592.7,95850.0,96221.35,742.6999999999971,2433.0571428571443,0.0258491852105033,0.3052538252874089,0.3052538252874089,
ny_2025-05-02,ny,2025-05-02,short,2025-05-02 14:05:00+00:00,above,2025-05-02 14:10:00+00:00,2025-05-02 14:10:00+00:00,2025-05-02 14:15:00+00:00,96784.9,breakout_reentry_v1,97632.01785714286,96799.4,96602.9,96995.9,96602.9,96799.4,393.0,2544.47142857143,0.02638855368537926,0.1544525104849168,0.1544525104849168,
ny_2025-05-04,ny,2025-05-04,long,2025-05-04 13:45:00+00:00,below,2025-05-04 14:05:00+00:00,2025-05-04 14:05:00+00:00,2025-05-04 14:10:00+00:00,95440.0,breakout_reentry_v1,94552.66964285714,95302.65,95405.3,95405.3,95200.0,95302.65,205.3000000000029,2589.3214285714284,0.027027476387258356,0.07928718224576325,0.07928718224576325,
ny_2025-05-05,ny,2025-05-05,long,2025-05-05 13:50:00+00:00,below,2025-05-05 13:55:00+00:00,2025-05-05 13:55:00+00:00,2025-05-05 14:00:00+00:00,94192.2,breakout_reentry_v1,93001.58035714287,93936.3,94210.0,94210.0,93662.6,93936.3,547.3999999999942,2644.0785714285716,0.028059778833416163,0.20702864351880396,0.20702864351880396,
ny_2025-05-06,ny,2025-05-06,long,2025-05-06 13:50:00+00:00,below,2025-05-06 14:00:00+00:00,2025-05-06 14:00:00+00:00,2025-05-06 14:05:00+00:00,93905.0,breakout_reentry_v1,93034.51964285714,93824.6,93982.2,93982.2,93667.0,93824.6,315.1999999999971,2529.9214285714293,0.026716046373014363,0.12458884945608018,0.12458884945608018,
ny_2025-05-07,ny,2025-05-07,short,2025-05-07 14:20:00+00:00,above,2025-05-07 14:50:00+00:00,2025-05-07 14:50:00+00:00,2025-05-07 14:55:00+00:00,96828.2,breakout_reentry_v1,97834.08571428571,96960.29999999999,96655.2,97265.4,96655.2,96960.29999999999,610.1999999999971,2274.7428571428577,0.023499676723008813,0.2682501004823138,0.2682501004823138,
ny_2025-05-08,ny,2025-05-08,long,2025-05-08 13:45:00+00:00,below,2025-05-08 14:20:00+00:00,2025-05-08 14:20:00+00:00,2025-05-08 14:25:00+00:00,99400.0,breakout_reentry_v1,98606.11428571428,99371.65,99586.8,99586.8,99156.5,99371.65,430.3000000000029,2201.5428571428574,0.022699032638365594,0.19545383756845977,0.19545383756845977,
ny_2025-05-09,ny,2025-05-09,short,2025-05-09 13:45:00+00:00,above,2025-05-09 14:20:00+00:00,2025-05-09 14:20:00+00:00,2025-05-09 14:25:00+00:00,102940.4,breakout_reentry_v1,103974.675,103055.0,102777.0,103333.0,102777.0,103055.0,556.0,2566.7000000000003,0.024864353795139117,0.21662056336930688,0.21662056336930688,
ny_2025-05-11,ny,2025-05-11,long,2025-05-11 13:55:00+00:00,below,2025-05-11 15:05:00+00:00,2025-05-11 15:05:00+00:00,2025-05-11 15:10:00+00:00,104327.2,breakout_reentry_v1,103468.55,104295.25,104479.5,104479.5,104111.0,104295.25,368.5,2569.7999999999997,0.02452361321057212,0.14339637325861937,0.14339637325861937,
ny_2025-05-12,ny,2025-05-12,short,2025-05-12 13:50:00+00:00,above,2025-05-12 14:05:00+00:00,2025-05-12 14:05:00+00:00,2025-05-12 14:10:00+00:00,104120.6,breakout_reentry_v1,105065.7625,104019.3,103614.1,104424.5,103614.1,104019.3,810.3999999999942,2565.0499999999997,0.024646713307140102,0.315939260443264,0.315939260443264,
ny_2025-05-13,ny,2025-05-13,long,2025-05-13 13:45:00+00:00,below,2025-05-13 13:50:00+00:00,2025-05-13 13:50:00+00:00,2025-05-13 13:55:00+00:00,103698.9,breakout_reentry_v1,102801.55357142857,103684.65,103885.3,103885.3,103484.0,103684.65,401.3000000000029,2729.785714285714,0.026570024462749055,0.14700787607609286,0.14700787607609286,
ny_2025-05-14,ny,2025-05-14,long,2025-05-14 13:45:00+00:00,below,2025-05-14 13:55:00+00:00,2025-05-14 13:55:00+00:00,2025-05-14 14:00:00+00:00,103913.7,breakout_reentry_v1,102916.88392857143,103975.25,104319.0,104319.0,103631.5,103975.25,687.5,2858.464285714286,0.027463579540307505,0.24051376238489697,0.24051376238489697,
ny_2025-05-15,ny,2025-05-15,long,2025-05-15 13:45:00+00:00,below,2025-05-15 14:00:00+00:00,2025-05-15 14:00:00+00:00,2025-05-15 14:05:00+00:00,102320.4,breakout_reentry_v1,101332.20178571428,102368.45,102700.0,102700.0,102036.9,102368.45,663.1000000000058,2818.7928571428574,0.027245743514938484,0.23524254303387418,0.23524254303387418,
ny_2025-05-16,ny,2025-05-16,short,2025-05-16 13:50:00+00:00,above,2025-05-16 14:05:00+00:00,2025-05-16 14:05:00+00:00,2025-05-16 14:10:00+00:00,103607.2,breakout_reentry_v1,104584.9892857143,103643.8,103400.0,103887.6,103400.0,103643.8,487.6000000000058,2789.557142857143,0.026896500902546347,0.17479477029124135,0.17479477029124135,
ny_2025-05-17,ny,2025-05-17,long,2025-05-17 13:45:00+00:00,below,2025-05-17 14:15:00+00:00,2025-05-17 14:15:00+00:00,2025-05-17 14:20:00+00:00,102924.9,breakout_reentry_v1,102044.36071428572,102823.9,102908.2,102908.2,102739.6,102823.9,168.59999999999127,2780.9571428571435,0.026891963838474992,0.06062660851607816,0.06062660851607816,
ny_2025-05-20,ny,2025-05-20,short,2025-05-20 14:10:00+00:00,above,2025-05-20 14:10:00+00:00,2025-05-20 14:10:00+00:00,2025-05-20 14:15:00+00:00,104453.2,breakout_reentry_v1,105363.31964285715,104366.8,104150.0,104583.6,104150.0,104366.8,433.6000000000058,3118.878571428572,0.029553977874196655,0.13902432879950166,0.13902432879950166,
ny_2025-05-22,ny,2025-05-22,long,2025-05-22 13:55:00+00:00,below,2025-05-22 14:15:00+00:00,2025-05-22 14:15:00+00:00,2025-05-22 14:20:00+00:00,111047.6,breakout_reentry_v1,110055.29107142857,111216.75,111555.0,111555.0,110878.5,111216.75,676.5,3292.8357142857153,0.030041517517055687,0.20544602242530857,0.20544602242530857,
ny_2025-05-23,ny,2025-05-23,short,2025-05-23 13:55:00+00:00,above,2025-05-23 14:25:00+00:00,2025-05-23 14:25:00+00:00,2025-05-23 14:30:00+00:00,109501.5,breakout_reentry_v1,110283.85714285714,109061.2,108578.4,109544.0,108578.4,109061.2,965.6000000000058,2959.4285714285725,0.026503286875819522,0.3262792044796311,0.3262792044796311,
ny_2025-05-24,ny,2025-05-24,long,2025-05-24 13:45:00+00:00,below,2025-05-24 14:10:00+00:00,2025-05-24 14:10:00+00:00,2025-05-24 14:15:00+00:00,108694.9,breakout_reentry_v1,107804.88035714286,108723.35,108849.9,108849.9,108596.8,108723.35,253.09999999999127,3167.6785714285725,0.029529544859805003,0.07990078358419024,0.07990078358419024,
ny_2025-05-25,ny,2025-05-25,long,2025-05-25 13:55:00+00:00,below,2025-05-25 14:05:00+00:00,2025-05-25 14:05:00+00:00,2025-05-25 14:10:00+00:00,107544.2,breakout_reentry_v1,106667.45,107576.20000000001,107686.1,107686.1,107466.3,107576.20000000001,219.8000000000029,3195.4000000000005,0.02966975521569859,0.06878638042185732,0.06878638042185732,
ny_2025-05-26,ny,2025-05-26,long,2025-05-26 13:50:00+00:00,below,2025-05-26 15:20:00+00:00,2025-05-26 15:20:00+00:00,2025-05-26 15:25:00+00:00,109788.9,breakout_reentry_v1,108912.725,109831.8,109932.0,109932.0,109731.6,109831.8,200.39999999999418,3275.500000000001,0.030062621666197067,0.061181499007783274,0.061181499007783274,
ny_2025-05-27,ny,2025-05-27,long,2025-05-27 13:50:00+00:00,below,2025-05-27 14:05:00+00:00,2025-05-27 14:05:00+00:00,2025-05-27 14:10:00+00:00,110072.5,breakout_reentry_v1,109180.56964285714,110288.4,110638.1,110638.1,109938.7,110288.4,699.4000000000087,3032.5214285714287,0.027722919297131176,0.2306331600530469,0.2306331600530469,
ny_2025-05-30,ny,2025-05-30,short,2025-05-30 13:45:00+00:00,above,2025-05-30 13:50:00+00:00,2025-05-30 13:50:00+00:00,2025-05-30 13:55:00+00:00,105520.0,breakout_reentry_v1,106599.53571428571,105598.45,105380.0,105816.9,105380.0,105598.45,436.8999999999942,3130.542857142859,0.02966217380481561,0.1395604596190509,0.1395604596190509,
ny_2025-06-02,ny,2025-06-02,long,2025-06-02 13:45:00+00:00,below,2025-06-02 14:20:00+00:00,2025-06-02 14:20:00+00:00,2025-06-02 14:25:00+00:00,104257.6,breakout_reentry_v1,103128.40357142857,104218.5,104517.0,104517.0,103920.0,104218.5,597.0,3166.385714285716,0.029989455854152275,0.18854304366853591,0.18854304366853591,
ny_2025-06-04,ny,2025-06-04,long,2025-06-04 13:50:00+00:00,below,2025-06-04 14:55:00+00:00,2025-06-04 14:55:00+00:00,2025-06-04 15:00:00+00:00,104969.0,breakout_reentry_v1,104156.84642857143,105052.8,105228.6,105228.6,104877.0,105052.8,351.6000000000058,2880.6142857142872,0.027348443471659926,0.12205729928636448,0.12205729928636448,
ny_2025-06-07,ny,2025-06-07,long,2025-06-07 14:00:00+00:00,below,2025-06-07 14:30:00+00:00,2025-06-07 14:30:00+00:00,2025-06-07 14:35:00+00:00,105603.1,breakout_reentry_v1,104746.80357142857,105546.45,105642.7,105642.7,105450.2,105546.45,192.5,2813.5857142857153,0.026991420896831497,0.06841803291173944,0.06841803291173944,
ny_2025-06-08,ny,2025-06-08,long,2025-06-08 13:50:00+00:00,below,2025-06-08 14:15:00+00:00,2025-06-08 14:15:00+00:00,2025-06-08 14:20:00+00:00,105745.6,breakout_reentry_v1,104985.89642857142,105757.04999999999,105834.2,105834.2,105679.9,105757.04999999999,154.3000000000029,2776.0142857142864,0.026311061163559808,0.05558328744706028,0.05558328744706028,
ny_2025-06-09,ny,2025-06-09,long,2025-06-09 13:50:00+00:00,below,2025-06-09 14:05:00+00:00,2025-06-09 14:05:00+00:00,2025-06-09 14:10:00+00:00,107219.9,breakout_reentry_v1,106452.6125,107405.25,107685.9,107685.9,107124.6,107405.25,561.2999999999884,2687.950000000001,0.025435645578723756,0.2088208486020901,0.2088208486020901,
ny_2025-06-11,ny,2025-06-11,short,2025-06-11 14:00:00+00:00,above,2025-06-11 15:10:00+00:00,2025-06-11 15:10:00+00:00,2025-06-11 15:15:00+00:00,109646.3,breakout_reentry_v1,110562.7625,109553.35,109259.5,109847.2,109259.5,109553.35,587.6999999999971,2862.2500000000023,0.02596488968153608,0.2053279762424654,0.2053279762424654,
ny_2025-06-12,ny,2025-06-12,short,2025-06-12 13:45:00+00:00,above,2025-06-12 13:45:00+00:00,2025-06-12 13:45:00+00:00,2025-06-12 13:50:00+00:00,106979.9,breakout_reentry_v1,107790.05,106808.4,106539.1,107077.7,106539.1,106808.4,538.5999999999913,2849.4000000000015,0.026237569060773493,0.18902225029830524,0.18902225029830524,
ny_2025-06-13,ny,2025-06-13,long,2025-06-13 13:55:00+00:00,below,2025-06-13 14:50:00+00:00,2025-06-13 14:50:00+00:00,2025-06-13 14:55:00+00:00,104704.1,breakout_reentry_v1,103922.52321428571,104939.25,105254.8,105254.8,104623.7,104939.25,631.1000000000058,2804.7071428571444,0.026557337577179558,0.22501458008093733,0.22501458008093733,
ny_2025-06-16,ny,2025-06-16,short,2025-06-16 13:45:00+00:00,above,2025-06-16 13:45:00+00:00,2025-06-16 13:45:00+00:00,2025-06-16 13:50:00+00:00,106657.3,breakout_reentry_v1,107465.21071428571,106600.70000000001,106446.6,106754.8,106446.6,106600.70000000001,308.1999999999971,2841.64285714286,0.02692617262151806,0.10845838674810736,0.10845838674810736,
ny_2025-06-22,ny,2025-06-22,short,2025-06-22 14:00:00+00:00,above,2025-06-22 14:05:00+00:00,2025-06-22 14:05:00+00:00,2025-06-22 14:10:00+00:00,100908.7,breakout_reentry_v1,101785.5642857143,100636.6,100218.4,101054.8,100218.4,100636.6,836.4000000000087,2923.057142857145,0.028635020276853454,0.2861387783827136,0.2861387783827136,
ny_2025-06-23,ny,2025-06-23,short,2025-06-23 13:55:00+00:00,above,2025-06-23 14:35:00+00:00,2025-06-23 14:35:00+00:00,2025-06-23 14:40:00+00:00,101505.7,breakout_reentry_v1,103173.59285714285,101563.35,100749.8,102376.9,100749.8,101563.35,1627.0999999999913,3186.771428571431,0.031581992004053636,0.5105794489720868,0.5105794489720868,
ny_2025-06-24,ny,2025-06-24,short,2025-06-24 13:45:00+00:00,above,2025-06-24 13:50:00+00:00,2025-06-24 13:50:00+00:00,2025-06-24 13:55:00+00:00,104905.0,breakout_reentry_v1,106061.67142857143,104997.65,104750.0,105245.3,104750.0,104997.65,495.3000000000029,3265.4857142857154,0.031013940561679266,0.1516772827494496,0.1516772827494496,
ny_2025-06-25,ny,2025-06-25,long,2025-06-25 14:15:00+00:00,below,2025-06-25 14:20:00+00:00,2025-06-25 14:20:00+00:00,2025-06-25 14:25:00+00:00,107585.0,breakout_reentry_v1,106667.675,107755.0,108033.4,108033.4,107476.6,107755.0,556.7999999999884,3235.700000000001,0.03051542463849168,0.17208022993478633,0.17208022993478633,
ny_2025-06-26,ny,2025-06-26,long,2025-06-26 13:45:00+00:00,below,2025-06-26 14:25:00+00:00,2025-06-26 14:25:00+00:00,2025-06-26 14:30:00+00:00,107190.0,breakout_reentry_v1,106154.53035714287,107139.8,107316.3,107316.3,106963.3,107139.8,353.0,3235.0785714285716,0.030155467668051564,0.10911636060947956,0.10911636060947956,
ny_2025-06-27,ny,2025-06-27,long,2025-06-27 13:45:00+00:00,below,2025-06-27 14:00:00+00:00,2025-06-27 14:00:00+00:00,2025-06-27 14:05:00+00:00,106990.1,breakout_reentry_v1,105813.56964285714,106767.20000000001,106937.6,106937.6,106596.8,106767.20000000001,340.8000000000029,3132.9214285714284,0.02930327384209347,0.10878025758705455,0.10878025758705455,
ny_2025-06-29,ny,2025-06-29,short,2025-06-29 13:45:00+00:00,above,2025-06-29 13:45:00+00:00,2025-06-29 13:45:00+00:00,2025-06-29 13:50:00+00:00,108000.0,breakout_reentry_v1,108862.04107142857,108053.85,107969.4,108138.3,107969.4,108053.85,168.90000000000873,2894.9642857142835,0.02699493930226577,0.05834268865888116,0.05834268865888116,
ny_2025-07-01,ny,2025-07-01,short,2025-07-01 14:00:00+00:00,above,2025-07-01 14:25:00+00:00,2025-07-01 14:25:00+00:00,2025-07-01 14:30:00+00:00,106486.9,breakout_reentry_v1,107515.93392857142,106532.45,106233.5,106831.4,106233.5,106532.45,597.8999999999942,2738.135714285712,0.02556916793465629,0.21836025032673237,0.21836025032673237,
ny_2025-07-03,ny,2025-07-03,short,2025-07-03 13:45:00+00:00,above,2025-07-03 14:50:00+00:00,2025-07-03 14:50:00+00:00,2025-07-03 14:55:00+00:00,109517.7,breakout_reentry_v1,110764.7982142857,109664.2,109257.0,110071.4,109257.0,109664.2,814.3999999999942,2773.5928571428544,0.025492581407563,0.29362636909835693,0.29362636909835693,
ny_2025-07-07,ny,2025-07-07,short,2025-07-07 13:55:00+00:00,above,2025-07-07 14:05:00+00:00,2025-07-07 14:05:00+00:00,2025-07-07 14:10:00+00:00,108479.3,breakout_reentry_v1,109052.19464285714,108221.65,107963.3,108480.0,107963.3,108221.65,516.6999999999971,2288.778571428568,0.020969918873915146,0.2257535990812308,0.2257535990812308,
ny_2025-07-08,ny,2025-07-08,short,2025-07-08 13:45:00+00:00,above,2025-07-08 14:05:00+00:00,2025-07-08 14:05:00+00:00,2025-07-08 14:10:00+00:00,108673.2,breakout_reentry_v1,109480.56785714286,108785.0,108585.0,108985.0,108585.0,108785.0,400.0,1982.2714285714258,0.018319778016979295,0.2017887128042148,0.2017887128042148,
ny_2025-07-09,ny,2025-07-09,long,2025-07-09 13:50:00+00:00,below,2025-07-09 14:20:00+00:00,2025-07-09 14:20:00+00:00,2025-07-09 14:25:00+00:00,109325.0,breakout_reentry_v1,108819.43571428572,109497.2,109677.4,109677.4,109317.0,109497.2,360.3999999999942,1990.2571428571403,0.018280522395863995,0.18108212865530388,0.18108212865530388,
ny_2025-07-10,ny,2025-07-10,short,2025-07-10 14:05:00+00:00,above,2025-07-10 14:25:00+00:00,2025-07-10 14:25:00+00:00,2025-07-10 14:30:00+00:00,110817.2,breakout_reentry_v1,111510.97857142857,110710.1,110432.2,110988.0,110432.2,110710.1,555.8000000000029,2091.914285714284,0.01881219574580808,0.2656896622369138,0.2656896622369138,
ny_2025-07-11,ny,2025-07-11,short,2025-07-11 13:50:00+00:00,above,2025-07-11 14:50:00+00:00,2025-07-11 14:50:00+00:00,2025-07-11 14:55:00+00:00,117594.4,breakout_reentry_v1,118404.84107142857,117520.95,117255.0,117786.9,117255.0,117520.95,531.8999999999942,2471.7642857142846,0.02131213429403104,0.21519042211028913,0.21519042211028913,
ny_2025-07-12,ny,2025-07-12,short,2025-07-12 13:55:00+00:00,above,2025-07-12 14:00:00+00:00,2025-07-12 14:00:00+00:00,2025-07-12 14:05:00+00:00,117369.1,breakout_reentry_v1,118107.02678571429,117317.8,117188.0,117447.6,117188.0,117317.8,259.6000000000058,2637.7071428571426,0.022448571428571425,0.09841881070951995,0.09841881070951995,
ny_2025-07-14,ny,2025-07-14,short,2025-07-14 13:45:00+00:00,above,2025-07-14 13:55:00+00:00,2025-07-14 13:55:00+00:00,2025-07-14 14:00:00+00:00,121679.3,breakout_reentry_v1,122532.85178571429,121497.0,121150.0,121844.0,121150.0,121497.0,694.0,2755.407142857143,0.023147231965318243,0.2518684042026457,0.2518684042026457,
ny_2025-07-16,ny,2025-07-16,long,2025-07-16 13:50:00+00:00,below,2025-07-16 14:00:00+00:00,2025-07-16 14:00:00+00:00,2025-07-16 14:05:00+00:00,118738.8,breakout_reentry_v1,117452.30714285714,118562.55,118907.8,118907.8,118217.3,118562.55,690.5,3059.971428571428,0.025989556759865532,0.22565570173390978,0.22565570173390978,
ny_2025-07-17,ny,2025-07-17,long,2025-07-17 13:45:00+00:00,below,2025-07-17 13:50:00+00:00,2025-07-17 13:50:00+00:00,2025-07-17 13:55:00+00:00,118348.6,breakout_reentry_v1,116819.13392857143,117791.55,118027.5,118027.5,117555.6,117791.55,471.8999999999942,2945.864285714285,0.02484060120830963,0.16019067894214697,0.16019067894214697,
ny_2025-07-18,ny,2025-07-18,short,2025-07-18 14:05:00+00:00,above,2025-07-18 14:15:00+00:00,2025-07-18 14:15:00+00:00,2025-07-18 14:20:00+00:00,118312.0,breakout_reentry_v1,119651.88214285714,118694.0,118500.0,118888.0,118500.0,118694.0,388.0,3055.528571428571,0.02563866204799072,0.1269829395895964,0.1269829395895964,
ny_2025-07-21,ny,2025-07-21,short,2025-07-21 13:45:00+00:00,above,2025-07-21 15:30:00+00:00,2025-07-21 15:30:00+00:00,2025-07-21 15:35:00+00:00,118521.5,breakout_reentry_v1,119474.21785714285,118438.2,118212.5,118663.9,118212.5,118438.2,451.3999999999942,3241.2714285714287,0.027652124527124528,0.13926633728386828,0.13926633728386828,
ny_2025-07-22,ny,2025-07-22,long,2025-07-22 13:50:00+00:00,below,2025-07-22 14:55:00+00:00,2025-07-22 14:55:00+00:00,2025-07-22 15:00:00+00:00,119043.9,breakout_reentry_v1,117970.23928571428,119190.85,119582.3,119582.3,118799.4,119190.85,782.9000000000087,3316.6428571428573,0.028267597405807348,0.23605194581440186,0.23605194581440186,
ny_2025-07-23,ny,2025-07-23,short,2025-07-23 14:25:00+00:00,above,2025-07-23 14:25:00+00:00,2025-07-23 14:25:00+00:00,2025-07-23 14:30:00+00:00,117953.4,breakout_reentry_v1,118906.67321428572,117794.0,117557.9,118030.1,117557.9,117794.0,472.20000000001164,3506.2928571428574,0.02922064122652154,0.13467215068418134,0.13467215068418134,
ny_2025-07-24,ny,2025-07-24,short,2025-07-24 13:45:00+00:00,above,2025-07-24 13:50:00+00:00,2025-07-24 13:50:00+00:00,2025-07-24 13:55:00+00:00,118334.0,breakout_reentry_v1,119527.09464285715,118517.2,118368.4,118666.0,118368.4,118517.2,297.6000000000058,3444.378571428572,0.02901421128539359,0.08640165238183295,0.08640165238183295,
ny_2025-07-30,ny,2025-07-30,short,2025-07-30 14:05:00+00:00,above,2025-07-30 14:25:00+00:00,2025-07-30 14:25:00+00:00,2025-07-30 14:30:00+00:00,117690.0,breakout_reentry_v1,118471.17499999999,117571.95,117370.0,117773.9,117370.0,117571.95,403.8999999999942,2789.100000000001,0.023657090511208942,0.14481373919902266,0.14481373919902266,
ny_2025-07-31,ny,2025-07-31,short,2025-07-31 13:50:00+00:00,above,2025-07-31 14:00:00+00:00,2025-07-31 14:00:00+00:00,2025-07-31 14:05:00+00:00,118379.9,breakout_reentry_v1,119251.72857142857,118169.05,117783.3,118554.8,117783.3,118169.05,771.5,2787.7142857142867,0.023670634415215008,0.2767500256226298,0.2767500256226298,
ny_2025-08-01,ny,2025-08-01,long,2025-08-01 13:45:00+00:00,below,2025-08-01 14:15:00+00:00,2025-08-01 14:15:00+00:00,2025-08-01 14:20:00+00:00,115150.0,breakout_reentry_v1,114226.81785714286,115273.5,115623.3,115623.3,114923.7,115273.5,699.6000000000058,2787.5285714285733,0.024093289743395682,0.2509750060217211,0.2509750060217211,
ny_2025-08-02,ny,2025-08-02,short,2025-08-02 13:50:00+00:00,above,2025-08-02 13:55:00+00:00,2025-08-02 13:55:00+00:00,2025-08-02 14:00:00+00:00,113410.1,breakout_reentry_v1,114107.175,113295.55,113168.0,113423.1,113168.0,113295.55,255.10000000000582,2736.3000000000006,0.02416269886122807,0.0932280817161882,0.0932280817161882,
ny_2025-08-05,ny,2025-08-05,short,2025-08-05 13:45:00+00:00,above,2025-08-05 13:50:00+00:00,2025-08-05 13:50:00+00:00,2025-08-05 13:55:00+00:00,114344.3,breakout_reentry_v1,115102.13035714286,114204.45,113984.4,114424.5,113984.4,114204.45,440.1000000000058,2710.5214285714287,0.02356932115649565,0.16236728304780793,0.16236728304780793,
ny_2025-08-06,ny,2025-08-06,short,2025-08-06 13:45:00+00:00,above,2025-08-06 14:20:00+00:00,2025-08-06 14:20:00+00:00,2025-08-06 14:25:00+00:00,113892.7,breakout_reentry_v1,114817.8125,113847.45,113520.0,114174.9,113520.0,113847.45,654.8999999999942,2571.6500000000005,0.022544569280509446,0.25466140415686195,0.25466140415686195,
ny_2025-08-07,ny,2025-08-07,long,2025-08-07 14:05:00+00:00,below,2025-08-07 14:15:00+00:00,2025-08-07 14:15:00+00:00,2025-08-07 14:20:00+00:00,116382.3,breakout_reentry_v1,115639.19464285714,116506.5,116740.3,116740.3,116272.7,116506.5,467.6000000000058,2534.0214285714287,0.022046279644090696,0.1845288262868473,0.1845288262868473,
ny_2025-08-08,ny,2025-08-08,short,2025-08-08 14:00:00+00:00,above,2025-08-08 14:30:00+00:00,2025-08-08 14:30:00+00:00,2025-08-08 14:35:00+00:00,116467.1,breakout_reentry_v1,117561.05,116688.45000000001,116466.3,116910.6,116466.3,116688.45000000001,444.3000000000029,2601.8000000000006,0.022158083936368544,0.1707663924975028,0.1707663924975028,
ny_2025-08-09,ny,2025-08-09,short,2025-08-09 13:50:00+00:00,above,2025-08-09 13:55:00+00:00,2025-08-09 13:55:00+00:00,2025-08-09 14:00:00+00:00,116914.9,breakout_reentry_v1,117576.30535714286,116895.8,116830.0,116961.6,116830.0,116895.8,131.60000000000582,2458.82142857143,0.021082563467252603,0.05352157682978432,0.05352157682978432,
ny_2025-08-10,ny,2025-08-10,short,2025-08-10 13:45:00+00:00,above,2025-08-10 14:00:00+00:00,2025-08-10 14:00:00+00:00,2025-08-10 14:05:00+00:00,118330.4,breakout_reentry_v1,119150.84999999999,118423.7,118318.7,118528.7,118318.7,118423.7,210.0,2488.600000000001,0.021375666647483603,0.08438479466366629,0.08438479466366629,
ny_2025-08-11,ny,2025-08-11,short,2025-08-11 13:45:00+00:00,above,2025-08-11 13:45:00+00:00,2025-08-11 13:45:00+00:00,2025-08-11 13:50:00+00:00,120052.8,breakout_reentry_v1,120834.36249999999,119829.45,119463.0,120195.9,119463.0,119829.45,732.8999999999942,2553.850000000001,0.0214149811371067,0.28697848346613697,0.28697848346613697,
ny_2025-08-12,ny,2025-08-12,long,2025-08-12 13:45:00+00:00,below,2025-08-12 13:45:00+00:00,2025-08-12 13:45:00+00:00,2025-08-12 13:50:00+00:00,118791.5,breakout_reentry_v1,117941.55178571428,119148.65,119682.0,119682.0,118615.3,119148.65,1066.699999999997,2694.9928571428577,0.02271535483790177,0.39580809914682935,0.39580809914682935,
ny_2025-08-13,ny,2025-08-13,short,2025-08-13 13:45:00+00:00,above,2025-08-13 15:15:00+00:00,2025-08-13 15:15:00+00:00,2025-08-13 15:20:00+00:00,120462.7,breakout_reentry_v1,121415.71964285713,120406.0,120066.1,120745.9,120066.1,120406.0,679.7999999999884,2679.278571428572,0.022312260652630908,0.25372501659561436,0.25372501659561436,
ny_2025-08-14,ny,2025-08-14,short,2025-08-14 13:50:00+00:00,above,2025-08-14 13:55:00+00:00,2025-08-14 13:55:00+00:00,2025-08-14 14:00:00+00:00,118364.7,breakout_reentry_v1,119335.38035714286,118153.25,117673.5,118633.0,117673.5,118153.25,959.5,2809.5214285714287,0.022781645962959562,0.34151723857393096,0.34151723857393096,
ny_2025-08-17,ny,2025-08-17,short,2025-08-17 13:50:00+00:00,above,2025-08-17 14:20:00+00:00,2025-08-17 14:20:00+00:00,2025-08-17 14:25:00+00:00,118126.1,breakout_reentry_v1,119044.15535714287,118206.1,118102.4,118309.8,118102.4,118206.1,207.40000000000873,2937.4214285714293,0.0250356169714184,0.07060614387254423,0.07060614387254423,
ny_2025-08-18,ny,2025-08-18,long,2025-08-18 13:45:00+00:00,below,2025-08-18 14:20:00+00:00,2025-08-18 14:20:00+00:00,2025-08-18 14:25:00+00:00,115371.0,breakout_reentry_v1,114521.1232142857,115458.85,115688.0,115688.0,115229.7,115458.85,458.3000000000029,2834.307142857143,0.024151813940896185,0.16169736619934932,0.16169736619934932,
ny_2025-08-20,ny,2025-08-20,long,2025-08-20 13:45:00+00:00,below,2025-08-20 14:30:00+00:00,2025-08-20 14:30:00+00:00,2025-08-20 14:35:00+00:00,113625.3,breakout_reentry_v1,112313.05892857142,113338.6,113605.7,113605.7,113071.5,113338.6,534.1999999999971,3033.7642857142846,0.02688930465019282,0.1760848733421695,0.1760848733421695,
ny_2025-08-21,ny,2025-08-21,short,2025-08-21 13:50:00+00:00,above,2025-08-21 14:35:00+00:00,2025-08-21 14:35:00+00:00,2025-08-21 14:40:00+00:00,113206.1,breakout_reentry_v1,114306.21071428571,113316.4,113083.2,113549.6,113083.2,113316.4,466.40000000000873,3026.4428571428557,0.02649649456220955,0.15410831197398467,0.15410831197398467,
ny_2025-08-23,ny,2025-08-23,short,2025-08-23 13:45:00+00:00,above,2025-08-23 13:50:00+00:00,2025-08-23 13:50:00+00:00,2025-08-23 13:55:00+00:00,114900.0,breakout_reentry_v1,115807.30535714286,114839.8,114691.3,114988.3,114691.3,114839.8,297.0,3276.021428571427,0.028024734734031324,0.09065874765340368,0.09065874765340368,
ny_2025-08-24,ny,2025-08-24,short,2025-08-24 13:45:00+00:00,above,2025-08-24 13:50:00+00:00,2025-08-24 13:50:00+00:00,2025-08-24 13:55:00+00:00,114600.1,breakout_reentry_v1,115571.93571428572,114644.35,114551.4,114737.3,114551.4,114644.35,185.90000000000873,3338.5428571428556,0.02893592278834236,0.055682975464063096,0.055682975464063096,
ny_2025-08-25,ny,2025-08-25,long,2025-08-25 13:45:00+00:00,below,2025-08-25 13:55:00+00:00,2025-08-25 13:55:00+00:00,2025-08-25 14:00:00+00:00,111449.7,breakout_reentry_v1,109874.69821428572,111210.6,111671.2,111671.2,110750.0,111210.6,921.1999999999971,3501.207142857141,0.030862241808301737,0.2631092541551988,0.2631092541551988,
ny_2025-08-26,ny,2025-08-26,long,2025-08-26 13:45:00+00:00,below,2025-08-26 13:55:00+00:00,2025-08-26 13:55:00+00:00,2025-08-26 14:00:00+00:00,110051.2,breakout_reentry_v1,108783.67142857143,109928.65,110198.3,110198.3,109659.0,109928.65,539.3000000000029,3501.3142857142843,0.031811621290469945,0.15402787524684697,0.15402787524684697,
ny_2025-08-28,ny,2025-08-28,long,2025-08-28 13:45:00+00:00,below,2025-08-28 14:10:00+00:00,2025-08-28 14:10:00+00:00,2025-08-28 14:15:00+00:00,112950.9,breakout_reentry_v1,111927.50535714286,112975.75,113166.0,113166.0,112785.5,112975.75,380.5,3431.9785714285713,0.030864532199125782,0.11086899060725072,0.11086899060725072,
ny_2025-08-31,ny,2025-08-31,short,2025-08-31 13:45:00+00:00,above,2025-08-31 13:45:00+00:00,2025-08-31 13:45:00+00:00,2025-08-31 13:50:00+00:00,108327.3,breakout_reentry_v1,109179.30535714286,108259.5,108173.3,108345.7,108173.3,108259.5,172.39999999999418,3334.4214285714284,0.03065911927842877,0.05170312262354186,0.05170312262354186,
ny_2025-09-01,ny,2025-09-01,long,2025-09-01 13:45:00+00:00,below,2025-09-01 14:00:00+00:00,2025-09-01 14:00:00+00:00,2025-09-01 14:05:00+00:00,109091.6,breakout_reentry_v1,108219.50714285714,109236.8,109420.8,109420.8,109052.8,109236.8,368.0,3333.1714285714284,0.030803259530419343,0.11040536254618082,0.11040536254618082,
ny_2025-09-03,ny,2025-09-03,short,2025-09-03 13:45:00+00:00,above,2025-09-03 14:10:00+00:00,2025-09-03 14:10:00+00:00,2025-09-03 14:15:00+00:00,111153.0,breakout_reentry_v1,112484.2375,111353.0,111040.0,111666.0,111040.0,111353.0,626.0,3272.950000000001,0.029436180163326987,0.19126476114819957,0.19126476114819957,
ny_2025-09-05,ny,2025-09-05,short,2025-09-05 13:50:00+00:00,above,2025-09-05 14:10:00+00:00,2025-09-05 14:10:00+00:00,2025-09-05 14:15:00+00:00,112194.4,breakout_reentry_v1,113992.55535714286,112909.95,112642.4,113177.5,112642.4,112909.95,535.1000000000058,3260.22142857143,0.02945644292046605,0.16412995611604117,0.16412995611604117,
ny_2025-09-08,ny,2025-09-08,long,2025-09-08 13:50:00+00:00,below,2025-09-08 14:00:00+00:00,2025-09-08 14:00:00+00:00,2025-09-08 14:05:00+00:00,112065.8,breakout_reentry_v1,111238.53928571429,112126.5,112331.0,112331.0,111922.0,112126.5,409.0,2733.8428571428585,0.024612363221063582,0.14960625806687597,0.14960625806687597,
ny_2025-09-11,ny,2025-09-11,short,2025-09-11 13:50:00+00:00,above,2025-09-11 14:15:00+00:00,2025-09-11 14:15:00+00:00,2025-09-11 14:20:00+00:00,113945.8,breakout_reentry_v1,114784.88392857143,113883.70000000001,113627.1,114140.3,113627.1,113883.70000000001,513.1999999999971,2578.3357142857153,0.022637472820006492,0.1990431258259053,0.1990431258259053,
ny_2025-09-12,ny,2025-09-12,short,2025-09-12 13:55:00+00:00,above,2025-09-12 14:35:00+00:00,2025-09-12 14:35:00+00:00,2025-09-12 14:40:00+00:00,114907.2,breakout_reentry_v1,115740.20357142856,114938.4,114771.9,115104.9,114771.9,114938.4,333.0,2541.2142857142867,0.022015770016671026,0.13103971667088282,0.13103971667088282,
ny_2025-09-13,ny,2025-09-13,long,2025-09-13 13:45:00+00:00,below,2025-09-13 14:20:00+00:00,2025-09-13 14:20:00+00:00,2025-09-13 14:25:00+00:00,115849.9,breakout_reentry_v1,115211.13392857142,115847.7,115907.0,115907.0,115788.4,115847.7,118.60000000000582,2309.064285714286,0.01990943387487917,0.05136279692763863,0.05136279692763863,
ny_2025-09-14,ny,2025-09-14,short,2025-09-14 14:10:00+00:00,above,2025-09-14 14:15:00+00:00,2025-09-14 14:15:00+00:00,2025-09-14 14:20:00+00:00,115268.3,breakout_reentry_v1,116051.4875,115333.35,115185.6,115481.1,115185.6,115333.35,295.5,2281.5499999999997,0.01969184215455017,0.12951721417457432,0.12951721417457432,
ny_2025-09-16,ny,2025-09-16,long,2025-09-16 13:45:00+00:00,below,2025-09-16 14:55:00+00:00,2025-09-16 14:55:00+00:00,2025-09-16 15:00:00+00:00,115231.1,breakout_reentry_v1,114440.3125,115231.75,115463.5,115463.5,115000.0,115231.75,463.5,2238.75,0.019416637901277182,0.207035175879397,0.207035175879397,
ny_2025-09-18,ny,2025-09-18,long,2025-09-18 13:45:00+00:00,below,2025-09-18 13:45:00+00:00,2025-09-18 13:45:00+00:00,2025-09-18 13:50:00+00:00,117248.0,breakout_reentry_v1,116557.51071428572,117354.05,117600.0,117600.0,117108.1,117354.05,491.8999999999942,2202.3571428571418,0.018920187649381602,0.22335160380111965,0.22335160380111965,
ny_2025-09-19,ny,2025-09-19,short,2025-09-19 13:45:00+00:00,above,2025-09-19 13:55:00+00:00,2025-09-19 13:55:00+00:00,2025-09-19 14:00:00+00:00,116238.6,breakout_reentry_v1,116841.76785714286,116179.75,116050.0,116309.5,116050.0,116179.75,259.5,2129.0714285714275,0.018194532496288385,0.12188412117958874,0.12188412117958874,
ny_2025-09-21,ny,2025-09-21,long,2025-09-21 14:05:00+00:00,below,2025-09-21 14:10:00+00:00,2025-09-21 14:10:00+00:00,2025-09-21 14:15:00+00:00,115621.8,breakout_reentry_v1,115078.24821428572,115639.8,115696.3,115696.3,115583.3,115639.8,113.0,2020.2071428571423,0.01747207688704719,0.055934858165181095,0.055934858165181095,
ny_2025-09-22,ny,2025-09-22,long,2025-09-22 13:45:00+00:00,below,2025-09-22 13:50:00+00:00,2025-09-22 13:50:00+00:00,2025-09-22 13:55:00+00:00,112796.5,breakout_reentry_v1,111935.30892857144,112655.15,112884.2,112884.2,112426.1,112655.15,458.09999999999127,1963.164285714285,0.0170437386276579,0.23334776581538844,0.23334776581538844,
ny_2025-09-23,ny,2025-09-23,short,2025-09-23 14:00:00+00:00,above,2025-09-23 14:15:00+00:00,2025-09-23 14:15:00+00:00,2025-09-23 14:20:00+00:00,112882.6,breakout_reentry_v1,113488.70357142857,112818.75,112667.7,112969.8,112667.7,112818.75,302.1000000000058,2075.614285714285,0.018432750015889968,0.14554727344056778,0.14554727344056778,
ny_2025-09-24,ny,2025-09-24,long,2025-09-24 13:50:00+00:00,below,2025-09-24 14:00:00+00:00,2025-09-24 14:00:00+00:00,2025-09-24 14:05:00+00:00,113000.0,breakout_reentry_v1,112355.72142857143,113020.1,113177.6,113177.6,112862.6,113020.1,315.0,2027.5142857142844,0.018111376684630087,0.15536265377732067,0.15536265377732067,
ny_2025-09-26,ny,2025-09-26,short,2025-09-26 13:45:00+00:00,above,2025-09-26 14:20:00+00:00,2025-09-26 14:20:00+00:00,2025-09-26 14:25:00+00:00,109107.2,breakout_reentry_v1,110143.47857142857,109272.6,108950.0,109595.2,108950.0,109272.6,645.1999999999971,2193.114285714285,0.020132412465419906,0.2941935147669968,0.2941935147669968,
ny_2025-09-30,ny,2025-09-30,long,2025-09-30 13:50:00+00:00,below,2025-09-30 13:55:00+00:00,2025-09-30 13:55:00+00:00,2025-09-30 14:00:00+00:00,113338.7,breakout_reentry_v1,112478.91428571429,113272.0,113485.0,113485.0,113059.0,113272.0,426.0,2320.342857142857,0.02030808463669091,0.1835935576023248,0.1835935576023248,
ny_2025-10-02,ny,2025-10-02,short,2025-10-02 13:45:00+00:00,above,2025-10-02 14:40:00+00:00,2025-10-02 14:40:00+00:00,2025-10-02 14:45:00+00:00,118950.5,breakout_reentry_v1,120138.64285714286,119282.9,119042.3,119523.5,119042.3,119282.9,481.1999999999971,2460.57142857143,0.0207551380534804,0.19556432884347294,0.19556432884347294,
ny_2025-10-03,ny,2025-10-03,long,2025-10-03 14:10:00+00:00,below,2025-10-03 14:20:00+00:00,2025-10-03 14:20:00+00:00,2025-10-03 14:25:00+00:00,120238.6,breakout_reentry_v1,119426.23392857143,120372.65,120687.3,120687.3,120058.0,120372.65,629.3000000000029,2527.0642857142875,0.020974742849838832,0.24902413585498798,0.24902413585498798,
ny_2025-10-04,ny,2025-10-04,long,2025-10-04 14:05:00+00:00,below,2025-10-04 14:10:00+00:00,2025-10-04 14:10:00+00:00,2025-10-04 14:15:00+00:00,122380.2,breakout_reentry_v1,121586.39285714286,122336.1,122412.2,122412.2,122260.0,122336.1,152.1999999999971,2694.4285714285725,0.022052455637570398,0.056486930703567105,0.056486930703567105,
ny_2025-10-06,ny,2025-10-06,long,2025-10-06 13:45:00+00:00,below,2025-10-06 13:50:00+00:00,2025-10-06 13:50:00+00:00,2025-10-06 13:55:00+00:00,124624.0,breakout_reentry_v1,123608.8625,124646.65,124943.3,124943.3,124350.0,124646.65,593.3000000000029,2964.550000000002,0.024018709079964076,0.20013155453610246,0.20013155453610246,
ny_2025-10-08,ny,2025-10-08,long,2025-10-08 13:45:00+00:00,below,2025-10-08 13:55:00+00:00,2025-10-08 13:55:00+00:00,2025-10-08 14:00:00+00:00,122540.4,breakout_reentry_v1,120848.71071428571,122131.95,122637.5,122637.5,121626.4,122131.95,1011.1000000000058,3110.757142857144,0.025648008169558395,0.3250334094134197,0.3250334094134197,
ny_2025-10-10,ny,2025-10-10,long,2025-10-10 13:45:00+00:00,below,2025-10-10 14:00:00+00:00,2025-10-10 14:00:00+00:00,2025-10-10 14:05:00+00:00,121893.0,breakout_reentry_v1,120950.22857142857,122107.85,122497.0,122497.0,121718.7,122107.85,778.3000000000029,3073.885714285716,0.02528296934005802,0.25319744204636374,0.25319744204636374,
ny_2025-10-11,ny,2025-10-11,short,2025-10-11 15:10:00+00:00,above,2025-10-11 15:30:00+00:00,2025-10-11 15:30:00+00:00,2025-10-11 15:35:00+00:00,112058.0,breakout_reentry_v1,113439.15178571429,112068.35,111810.6,112326.1,111810.6,112068.35,515.5,4452.207142857144,0.03949972135766562,0.11578526862278576,0.11578526862278576,
ny_2025-10-12,ny,2025-10-12,short,2025-10-12 13:45:00+00:00,above,2025-10-12 13:45:00+00:00,2025-10-12 13:45:00+00:00,2025-10-12 13:50:00+00:00,111345.7,breakout_reentry_v1,112916.58392857143,111545.25,111342.7,111747.8,111342.7,111545.25,405.1000000000058,4675.135714285716,0.04227865586069805,0.08664989098865089,0.08664989098865089,
ny_2025-10-15,ny,2025-10-15,long,2025-10-15 13:45:00+00:00,below,2025-10-15 14:05:00+00:00,2025-10-15 14:05:00+00:00,2025-10-15 14:10:00+00:00,111971.3,breakout_reentry_v1,109826.46071428571,111530.75,111961.5,111961.5,111100.0,111530.75,861.5,5094.157142857145,0.045087500534210616,0.1691153169878095,0.1691153169878095,
ny_2025-10-16,ny,2025-10-16,long,2025-10-16 13:45:00+00:00,below,2025-10-16 14:40:00+00:00,2025-10-16 14:40:00+00:00,2025-10-16 14:45:00+00:00,111289.0,breakout_reentry_v1,109763.03928571429,111233.45,111452.7,111452.7,111014.2,111233.45,438.5,5004.64285714286,0.04520946762972439,0.0876186398344394,0.0876186398344394,
ny_2025-10-17,ny,2025-10-17,long,2025-10-17 13:45:00+00:00,below,2025-10-17 13:50:00+00:00,2025-10-17 13:50:00+00:00,2025-10-17 13:55:00+00:00,105870.5,breakout_reentry_v1,103805.92857142857,105564.95,106040.0,106040.0,105089.9,105564.95,950.1000000000058,5135.885714285716,0.047497588207145475,0.18499243418856778,0.18499243418856778,
ny_2025-10-20,ny,2025-10-20,short,2025-10-20 13:45:00+00:00,above,2025-10-20 14:15:00+00:00,2025-10-20 14:15:00+00:00,2025-10-20 14:20:00+00:00,110757.2,breakout_reentry_v1,112224.83928571428,110758.4,110583.4,110933.4,110583.4,110758.4,350.0,5165.757142857145,0.04757286969114993,0.06775386266153763,0.06775386266153763,
ny_2025-10-21,ny,2025-10-21,long,2025-10-21 13:45:00+00:00,below,2025-10-21 14:00:00+00:00,2025-10-21 14:00:00+00:00,2025-10-21 14:05:00+00:00,108739.0,breakout_reentry_v1,106942.925,108544.1,108834.5,108834.5,108253.7,108544.1,580.8000000000029,5243.100000000001,0.04746179728595755,0.1107741603249991,0.1107741603249991,
ny_2025-10-22,ny,2025-10-22,short,2025-10-22 13:55:00+00:00,above,2025-10-22 14:20:00+00:00,2025-10-22 14:20:00+00:00,2025-10-22 14:25:00+00:00,107706.4,breakout_reentry_v1,109785.53928571429,107995.1,107550.4,108439.8,107550.4,107995.1,889.4000000000087,5382.957142857144,0.049725387149419785,0.16522516832224612,0.16522516832224612,
ny_2025-10-23,ny,2025-10-23,short,2025-10-23 13:50:00+00:00,above,2025-10-23 14:05:00+00:00,2025-10-23 14:05:00+00:00,2025-10-23 14:10:00+00:00,109109.7,breakout_reentry_v1,110916.51071428572,109273.65,108970.0,109577.3,108970.0,109273.65,607.3000000000029,5356.8428571428585,0.04981626731710429,0.11336901533152574,0.11336901533152574,
ny_2025-10-25,ny,2025-10-25,long,2025-10-25 13:45:00+00:00,below,2025-10-25 13:55:00+00:00,2025-10-25 13:55:00+00:00,2025-10-25 14:00:00+00:00,111626.8,breakout_reentry_v1,110511.20892857143,111630.45000000001,111748.6,111748.6,111512.3,111630.45000000001,236.3000000000029,4004.3642857142872,0.03608660254200217,0.05901061520376945,0.05901061520376945,
ny_2025-10-26,ny,2025-10-26,long,2025-10-26 14:50:00+00:00,below,2025-10-26 15:05:00+00:00,2025-10-26 15:05:00+00:00,2025-10-26 15:10:00+00:00,113499.7,breakout_reentry_v1,112524.07500000001,113740.3,114000.0,114000.0,113480.6,113740.3,519.3999999999942,3826.100000000001,0.03428730685889521,0.13575180993701003,0.13575180993701003,
ny_2025-10-27,ny,2025-10-27,short,2025-10-27 13:50:00+00:00,above,2025-10-27 14:00:00+00:00,2025-10-27 14:00:00+00:00,2025-10-27 14:05:00+00:00,114957.2,breakout_reentry_v1,116174.20892857143,114891.15,114530.7,115251.6,114530.7,114891.15,720.9000000000087,3690.4357142857148,0.032231498895923895,0.19534278763057636,0.19534278763057636,
ny_2025-10-28,ny,2025-10-28,short,2025-10-28 13:45:00+00:00,above,2025-10-28 14:40:00+00:00,2025-10-28 14:40:00+00:00,2025-10-28 14:45:00+00:00,114720.1,breakout_reentry_v1,116098.84285714287,114989.85,114808.4,115171.3,114808.4,114989.85,362.90000000000873,3710.1714285714293,0.03252707406249143,0.09781219196648828,0.09781219196648828,
ny_2025-10-31,ny,2025-10-31,short,2025-10-31 13:45:00+00:00,above,2025-10-31 14:25:00+00:00,2025-10-31 14:25:00+00:00,2025-10-31 14:30:00+00:00,109770.1,breakout_reentry_v1,110811.67857142857,109594.0,109308.1,109879.9,109308.1,109594.0,571.7999999999884,3727.1142857142872,0.03442632360596404,0.15341627762573562,0.15341627762573562,
ny_2025-11-01,ny,2025-11-01,short,2025-11-01 15:05:00+00:00,above,2025-11-01 15:20:00+00:00,2025-11-01 15:20:00+00:00,2025-11-01 15:25:00+00:00,109954.4,breakout_reentry_v1,110898.14642857143,109834.75,109654.5,110015.0,109654.5,109834.75,360.5,3532.5857142857153,0.03224418376763315,0.1020498946542597,0.1020498946542597,
ny_2025-11-02,ny,2025-11-02,short,2025-11-02 15:35:00+00:00,above,2025-11-02 15:40:00+00:00,2025-11-02 15:40:00+00:00,2025-11-02 15:45:00+00:00,110222.7,breakout_reentry_v1,111383.55535714286,110369.5,110239.0,110500.0,110239.0,110369.5,261.0,3534.221428571429,0.03211550524294511,0.07384936266019389,0.07384936266019389,
ny_2025-11-03,ny,2025-11-03,short,2025-11-03 14:45:00+00:00,above,2025-11-03 15:05:00+00:00,2025-11-03 15:05:00+00:00,2025-11-03 15:10:00+00:00,107636.7,breakout_reentry_v1,108646.62321428572,107553.70000000001,107317.6,107789.8,107317.6,107553.70000000001,472.1999999999971,3427.292857142859,0.031017656535666887,0.13777637910804147,0.13777637910804147,
ny_2025-11-04,ny,2025-11-04,short,2025-11-04 14:45:00+00:00,above,2025-11-04 15:45:00+00:00,2025-11-04 15:45:00+00:00,2025-11-04 15:50:00+00:00,103695.8,breakout_reentry_v1,104807.34821428571,103400.1,102870.0,103930.2,102870.0,103400.1,1060.199999999997,3508.5928571428585,0.032930928603608446,0.3021724215853721,0.3021724215853721,
ny_2025-11-06,ny,2025-11-06,short,2025-11-06 15:20:00+00:00,above,2025-11-06 15:25:00+00:00,2025-11-06 15:25:00+00:00,2025-11-06 15:30:00+00:00,102386.1,breakout_reentry_v1,103833.35,102511.75,102150.0,102873.5,102150.0,102511.75,723.5,3839.4000000000015,0.03697525930063466,0.18844090222430582,0.18844090222430582,
ny_2025-11-08,ny,2025-11-08,short,2025-11-08 14:50:00+00:00,above,2025-11-08 14:50:00+00:00,2025-11-08 14:50:00+00:00,2025-11-08 14:55:00+00:00,101825.6,breakout_reentry_v1,103027.00357142856,101846.4,101672.6,102020.2,101672.6,101846.4,347.59999999999127,4027.2142857142867,0.03898365508913672,0.08631276493854094,0.08631276493854094,
ny_2025-11-09,ny,2025-11-09,long,2025-11-09 14:45:00+00:00,below,2025-11-09 14:50:00+00:00,2025-11-09 14:50:00+00:00,2025-11-09 14:55:00+00:00,103187.3,breakout_reentry_v1,102154.62678571428,103602.4,104031.4,104031.4,103173.4,103602.4,858.0,4075.0928571428585,0.039846687687730906,0.21054734949072143,0.21054734949072143,
ny_2025-11-11,ny,2025-11-11,short,2025-11-11 14:55:00+00:00,above,2025-11-11 15:00:00+00:00,2025-11-11 15:00:00+00:00,2025-11-11 15:05:00+00:00,104182.7,breakout_reentry_v1,105456.24821428572,104232.8,104022.6,104443.0,104022.6,104232.8,420.3999999999942,4052.9928571428586,0.038247941629960265,0.10372581813439304,0.10372581813439304,
ny_2025-11-13,ny,2025-11-13,short,2025-11-13 14:50:00+00:00,above,2025-11-13 15:00:00+00:00,2025-11-13 15:00:00+00:00,2025-11-13 15:05:00+00:00,102154.0,breakout_reentry_v1,103594.30892857142,102124.85,101689.0,102560.7,101689.0,102124.85,871.6999999999971,4134.435714285714,0.040690941996280865,0.21083892947906105,0.21083892947906105,
ny_2025-11-15,ny,2025-11-15,short,2025-11-15 14:50:00+00:00,above,2025-11-15 16:05:00+00:00,2025-11-15 16:05:00+00:00,2025-11-15 16:10:00+00:00,95826.5,breakout_reentry_v1,97377.22857142857,96116.55,95953.8,96279.3,95953.8,96116.55,325.5,4391.714285714287,0.04645109662937173,0.07411684340641465,0.07411684340641465,
ny_2025-11-18,ny,2025-11-18,long,2025-11-18 14:50:00+00:00,below,2025-11-18 15:05:00+00:00,2025-11-18 15:05:00+00:00,2025-11-18 15:10:00+00:00,91745.0,breakout_reentry_v1,90243.05892857142,91895.6,92410.0,92410.0,91381.2,91895.6,1028.800000000003,4552.564285714287,0.049393285273948886,0.22598253103823807,0.22598253103823807,
ny_2025-11-19,ny,2025-11-19,short,2025-11-19 15:00:00+00:00,above,2025-11-19 15:20:00+00:00,2025-11-19 15:20:00+00:00,2025-11-19 15:25:00+00:00,91436.6,breakout_reentry_v1,92902.82678571428,91448.54999999999,91068.2,91828.9,91068.2,91448.54999999999,760.6999999999971,4295.707142857144,0.04623170965515579,0.17708376635145645,0.17708376635145645,
ny_2025-11-21,ny,2025-11-21,short,2025-11-21 14:50:00+00:00,above,2025-11-21 15:25:00+00:00,2025-11-21 15:25:00+00:00,2025-11-21 15:30:00+00:00,83594.1,breakout_reentry_v1,86358.62857142856,84396.79999999999,83542.9,85250.7,83542.9,84396.79999999999,1707.800000000003,4431.714285714287,0.051173761660786694,0.3853587776416742,0.3853587776416742,
ny_2025-11-22,ny,2025-11-22,long,2025-11-22 14:45:00+00:00,below,2025-11-22 14:45:00+00:00,2025-11-22 14:45:00+00:00,2025-11-22 14:50:00+00:00,84386.3,breakout_reentry_v1,83189.85178571427,84466.2,84599.0,84599.0,84333.4,84466.2,265.6000000000058,4574.192857142858,0.05375490321990349,0.0580648888875021,0.0580648888875021,
ny_2025-11-23,ny,2025-11-23,long,2025-11-23 14:45:00+00:00,below,2025-11-23 15:10:00+00:00,2025-11-23 15:10:00+00:00,2025-11-23 15:15:00+00:00,86662.7,breakout_reentry_v1,85463.21250000001,86755.9,86902.0,86902.0,86609.8,86755.9,292.1999999999971,4586.35,0.05415494737239844,0.06371079398650278,0.06371079398650278,
ny_2025-11-24,ny,2025-11-24,long,2025-11-24 14:50:00+00:00,below,2025-11-24 14:55:00+00:00,2025-11-24 14:55:00+00:00,2025-11-24 15:00:00+00:00,86127.9,breakout_reentry_v1,84212.93392857142,85990.9,86634.1,86634.1,85347.7,85990.9,1286.4000000000087,4539.064285714287,0.05228872883067155,0.28340642895247636,0.28340642895247636,
ny_2025-11-25,ny,2025-11-25,long,2025-11-25 14:45:00+00:00,below,2025-11-25 15:40:00+00:00,2025-11-25 15:40:00+00:00,2025-11-25 15:45:00+00:00,87128.2,breakout_reentry_v1,85336.71250000001,86846.45000000001,87194.8,87194.8,86498.1,86846.45000000001,696.6999999999971,4645.550000000001,0.05264252309707629,0.1499714780811738,0.1499714780811738,
ny_2025-11-26,ny,2025-11-26,short,2025-11-26 14:45:00+00:00,above,2025-11-26 14:55:00+00:00,2025-11-26 14:55:00+00:00,2025-11-26 15:00:00+00:00,86858.0,breakout_reentry_v1,88652.9375,87283.95,87028.9,87539.0,87028.9,87283.95,510.1000000000058,4455.750000000001,0.05102543284156379,0.11448128822308382,0.11448128822308382,
ny_2025-11-27,ny,2025-11-27,short,2025-11-27 15:35:00+00:00,above,2025-11-27 15:55:00+00:00,2025-11-27 15:55:00+00:00,2025-11-27 16:00:00+00:00,90913.0,breakout_reentry_v1,92044.81785714286,90732.70000000001,90531.1,90934.3,90531.1,90732.70000000001,403.1999999999971,4442.071428571429,0.049117257312697074,0.09076846387624754,0.09076846387624754,
ny_2025-11-28,ny,2025-11-28,long,2025-11-28 14:45:00+00:00,below,2025-11-28 14:45:00+00:00,2025-11-28 14:45:00+00:00,2025-11-28 14:50:00+00:00,92117.8,breakout_reentry_v1,90885.63392857142,92500.95,93080.0,93080.0,91921.9,92500.95,1158.1000000000058,4145.064285714287,0.04540436407178584,0.27939253053114943,0.27939253053114943,
ny_2025-11-30,ny,2025-11-30,short,2025-11-30 15:20:00+00:00,above,2025-11-30 15:30:00+00:00,2025-11-30 15:30:00+00:00,2025-11-30 15:35:00+00:00,91370.7,breakout_reentry_v1,92504.08035714286,91376.0,91208.8,91543.2,91208.8,91376.0,334.3999999999942,3843.5214285714287,0.042345853892705655,0.0870035477138695,0.0870035477138695,
ny_2025-12-04,ny,2025-12-04,long,2025-12-04 14:50:00+00:00,below,2025-12-04 15:15:00+00:00,2025-12-04 15:15:00+00:00,2025-12-04 15:20:00+00:00,92760.8,breakout_reentry_v1,91389.08928571429,92550.0,92750.0,92750.0,92350.0,92550.0,400.0,3843.642857142855,0.04116276177186445,0.10406794149895009,0.10406794149895009,
ny_2025-12-05,ny,2025-12-05,short,2025-12-05 15:00:00+00:00,above,2025-12-05 15:50:00+00:00,2025-12-05 15:50:00+00:00,2025-12-05 15:55:00+00:00,90603.5,breakout_reentry_v1,91557.77678571428,90264.45,89863.0,90665.9,89863.0,90264.45,802.8999999999942,3567.5071428571414,0.038762631299467935,0.22505911490816763,0.22505911490816763,
ny_2025-12-06,ny,2025-12-06,short,2025-12-06 14:45:00+00:00,above,2025-12-06 15:15:00+00:00,2025-12-06 15:15:00+00:00,2025-12-06 15:20:00+00:00,89498.1,breakout_reentry_v1,90889.21607142857,89940.95,89845.7,90036.2,89845.7,89940.95,190.5,3412.0642857142843,0.03821392772545495,0.055831304467969765,0.055831304467969765,
ny_2025-12-07,ny,2025-12-07,short,2025-12-07 14:45:00+00:00,above,2025-12-07 14:50:00+00:00,2025-12-07 14:50:00+00:00,2025-12-07 14:55:00+00:00,88058.1,breakout_reentry_v1,89185.80357142858,88017.15,87688.0,88346.3,87688.0,88017.15,658.3000000000029,3358.0142857142846,0.037647124017645014,0.19603847511922531,0.19603847511922531,
ny_2025-12-10,ny,2025-12-10,short,2025-12-10 15:05:00+00:00,above,2025-12-10 15:05:00+00:00,2025-12-10 15:05:00+00:00,2025-12-10 15:10:00+00:00,91977.0,breakout_reentry_v1,92940.50892857143,91916.9,91770.0,92063.8,91770.0,91916.9,293.8000000000029,3506.835714285713,0.03785509804018326,0.08377923117503248,0.08377923117503248,
ny_2025-12-11,ny,2025-12-11,long,2025-12-11 14:45:00+00:00,below,2025-12-11 15:10:00+00:00,2025-12-11 15:10:00+00:00,2025-12-11 15:15:00+00:00,90074.3,breakout_reentry_v1,88865.75535714286,90083.1,90450.0,90450.0,89716.2,90083.1,733.8000000000029,3401.77857142857,0.036984899257194094,0.21571068915630362,0.21571068915630362,
ny_2025-12-12,ny,2025-12-12,short,2025-12-12 14:45:00+00:00,above,2025-12-12 14:45:00+00:00,2025-12-12 14:45:00+00:00,2025-12-12 14:50:00+00:00,92263.6,breakout_reentry_v1,93460.0125,92208.5,91851.0,92566.0,91851.0,92208.5,715.0,3576.049999999999,0.03866940607174717,0.19994127598887046,0.19994127598887046,
ny_2025-12-14,ny,2025-12-14,long,2025-12-14 14:50:00+00:00,below,2025-12-14 16:20:00+00:00,2025-12-14 16:20:00+00:00,2025-12-14 16:25:00+00:00,89216.0,breakout_reentry_v1,87980.2517857143,89062.55,89247.0,89247.0,88878.1,89062.55,368.8999999999942,3591.392857142856,0.03981972603946119,0.10271780745631759,0.10271780745631759,
ny_2025-12-16,ny,2025-12-16,long,2025-12-16 14:45:00+00:00,below,2025-12-16 14:45:00+00:00,2025-12-16 14:45:00+00:00,2025-12-16 14:50:00+00:00,87186.2,breakout_reentry_v1,85977.5767857143,87113.05,87358.0,87358.0,86868.1,87113.05,489.8999999999942,3562.0928571428562,0.04123274661902441,0.13753150736023806,0.13753150736023806,
ny_2025-12-17,ny,2025-12-17,long,2025-12-17 14:45:00+00:00,below,2025-12-17 14:50:00+00:00,2025-12-17 14:50:00+00:00,2025-12-17 14:55:00+00:00,89259.1,breakout_reentry_v1,86490.99107142858,87602.05,87880.0,87880.0,87324.1,87602.05,555.8999999999942,3332.435714285714,0.037943482923517374,0.16681492087511965,0.16681492087511965,
ny_2025-12-18,ny,2025-12-18,short,2025-12-18 15:35:00+00:00,above,2025-12-18 16:15:00+00:00,2025-12-18 16:15:00+00:00,2025-12-18 16:20:00+00:00,88094.8,breakout_reentry_v1,89979.53214285715,88393.4,87673.8,89113.0,87673.8,88393.4,1439.199999999997,3466.1285714285705,0.0402095619040548,0.41521829624653206,0.41521829624653206,
ny_2025-12-19,ny,2025-12-19,short,2025-12-19 15:10:00+00:00,above,2025-12-19 15:40:00+00:00,2025-12-19 15:40:00+00:00,2025-12-19 15:45:00+00:00,88015.6,breakout_reentry_v1,89509.06428571428,88049.0,87488.0,88610.0,87488.0,88049.0,1122.0,3596.2571428571414,0.04207639833598505,0.31199103830172653,0.31199103830172653,
ny_2025-12-21,ny,2025-12-21,short,2025-12-21 14:45:00+00:00,above,2025-12-21 14:45:00+00:00,2025-12-21 14:45:00+00:00,2025-12-21 14:50:00+00:00,87997.2,breakout_reentry_v1,88891.09285714287,87895.65,87783.0,88008.3,87783.0,87895.65,225.3000000000029,3531.1714285714284,0.03998119841046988,0.06380318955263815,0.06380318955263815,
ny_2025-12-22,ny,2025-12-22,short,2025-12-22 14:45:00+00:00,above,2025-12-22 15:10:00+00:00,2025-12-22 15:10:00+00:00,2025-12-22 15:15:00+00:00,89560.1,breakout_reentry_v1,91003.56964285714,89773.65,89381.3,90166.0,89381.3,89773.65,784.6999999999971,3350.278571428571,0.03780443946803501,0.2342193293095022,0.2342193293095022,
ny_2025-12-23,ny,2025-12-23,long,2025-12-23 14:45:00+00:00,below,2025-12-23 16:00:00+00:00,2025-12-23 16:00:00+00:00,2025-12-23 16:05:00+00:00,88047.9,breakout_reentry_v1,86384.22321428572,87469.5,87716.4,87716.4,87222.6,87469.5,493.79999999998836,3353.5071428571423,0.03785787261287224,0.14724882905103268,0.14724882905103268,
ny_2025-12-24,ny,2025-12-24,short,2025-12-24 14:50:00+00:00,above,2025-12-24 14:55:00+00:00,2025-12-24 14:55:00+00:00,2025-12-24 15:00:00+00:00,86950.0,breakout_reentry_v1,88038.46964285713,86802.7,86355.0,87250.4,86355.0,86802.7,895.3999999999942,3152.27857142857,0.036041281129489844,0.28404850006457744,0.28404850006457744,
ny_2025-12-28,ny,2025-12-28,long,2025-12-28 14:50:00+00:00,below,2025-12-28 15:00:00+00:00,2025-12-28 15:00:00+00:00,2025-12-28 15:05:00+00:00,87916.6,breakout_reentry_v1,87192.85714285714,87990.45000000001,88078.3,88078.3,87902.6,87990.45000000001,175.6999999999971,2838.9714285714267,0.03232370286682394,0.06188861156958156,0.06188861156958156,
ny_2025-12-29,ny,2025-12-29,long,2025-12-29 14:55:00+00:00,below,2025-12-29 15:10:00+00:00,2025-12-29 15:10:00+00:00,2025-12-29 15:15:00+00:00,87683.7,breakout_reentry_v1,86710.31428571428,87764.85,88150.0,88150.0,87379.7,87764.85,770.3000000000029,2677.5428571428556,0.03045413591986915,0.28768913929615764,0.28768913929615764,
