session_id,session,session_date,side,breakout_time,breakout_side,reentry_time,confirmation_time,entry_time,entry_price,entry_reason,stop,tp_midpoint,tp_opposite_extreme,or_high,or_low,or_mid,or_size,daily_atr,daily_atr_pct,or_size_vs_daily_atr,or_size_vs_atr,gap_pct,opening_range_volume,opening_volume_vs_avg,invalid_signal_reason
ny_equity_2025-01-02,ny_equity,2025-01-02,short,2025-01-02 14:50:00+00:00,above,2025-01-02 15:15:00+00:00,2025-01-02 15:15:00+00:00,2025-01-02 15:20:00+00:00,514.67,breakout_reentry_v1,517.1997482142857,512.47,510.02,514.92,510.02,512.47,4.899999999999977,9.118992857142855,0.017837358639248194,0.5373400414676096,0.5373400414676096,0.006005124894861288,2727035.0,,
ny_equity_2025-01-03,ny_equity,2025-01-03,long,2025-01-03 15:20:00+00:00,below,2025-01-03 15:25:00+00:00,2025-01-03 15:25:00+00:00,2025-01-03 15:30:00+00:00,514.29,breakout_reentry_v1,510.66382321428574,514.745,516.53,516.53,512.96,514.745,3.5699999999999363,9.18470714285714,0.018001111543533583,0.38868958416124255,0.38868958416124255,0.006114889363620337,2152271.0,0.7892348283025337,
ny_equity_2025-01-08,ny_equity,2025-01-08,long,2025-01-08 14:50:00+00:00,below,2025-01-08 15:00:00+00:00,2025-01-08 15:00:00+00:00,2025-01-08 15:05:00+00:00,515.92,breakout_reentry_v1,511.00455,514.66,515.8,515.8,513.52,514.66,2.2799999999999727,10.061799999999993,0.019530649481734528,0.22659961438310983,0.22659961438310983,-0.0001941069140881033,1706753.0,0.7048102518275273,
ny_equity_2025-01-13,ny_equity,2025-01-13,short,2025-01-13 14:50:00+00:00,above,2025-01-13 15:10:00+00:00,2025-01-13 15:10:00+00:00,2025-01-13 15:15:00+00:00,501.46,breakout_reentry_v1,504.05884285714285,500.695,499.7,501.69,499.7,500.695,1.990000000000009,9.47537142857142,0.018682094340526072,0.21001815232271448,0.21001815232271448,-0.011810169758867504,3292874.0,1.3518431216277038,
ny_equity_2025-01-14,ny_equity,2025-01-14,long,2025-01-14 14:50:00+00:00,below,2025-01-14 15:05:00+00:00,2025-01-14 15:05:00+00:00,2025-01-14 15:10:00+00:00,508.5905,breakout_reentry_v1,505.1390125,508.8275,510.155,510.155,507.5,508.8275,2.6549999999999727,9.443949999999992,0.01868017643800932,0.2811323651649972,0.2811323651649972,0.006290054592926669,2364911.0,0.9244167216330477,
ny_equity_2025-01-16,ny_equity,2025-01-16,long,2025-01-16 14:45:00+00:00,below,2025-01-16 16:00:00+00:00,2025-01-16 16:00:00+00:00,2025-01-16 16:05:00+00:00,517.87,breakout_reentry_v1,514.5024946428572,517.94995,519.0599,519.0599,516.84,517.94995,2.2198999999999387,9.350021428571422,0.018095648207028102,0.23742191576336466,0.23742191576336466,0.004412618540739254,1841664.0,0.7082405693518928,
ny_equity_2025-01-17,ny_equity,2025-01-17,long,2025-01-17 14:55:00+00:00,below,2025-01-17 15:00:00+00:00,2025-01-17 15:00:00+00:00,2025-01-17 15:05:00+00:00,520.44,breakout_reentry_v1,516.8916035714286,521.13,523.05,523.05,519.21,521.13,3.839999999999918,9.273585714285705,0.018074346523516225,0.4140793128255129,0.4140793128255129,0.019041864816402864,4035832.0,1.5986851891060676,
ny_equity_2025-01-24,ny_equity,2025-01-24,short,2025-01-24 14:45:00+00:00,above,2025-01-24 15:10:00+00:00,2025-01-24 15:10:00+00:00,2025-01-24 15:15:00+00:00,532.3345,breakout_reentry_v1,535.4093482142857,532.53625,531.9,533.1725,531.9,532.53625,1.2725000000000364,8.947392857142855,0.0167981992661889,0.1422201998187861,0.1422201998187861,0.0007134274556923916,1492339.0,0.5613928408201535,
ny_equity_2025-01-27,ny_equity,2025-01-27,short,2025-01-27 14:45:00+00:00,above,2025-01-27 16:20:00+00:00,2025-01-27 16:20:00+00:00,2025-01-27 16:25:00+00:00,513.27,breakout_reentry_v1,517.3723839285715,512.88,510.53,515.23,510.53,512.88,4.7000000000000455,8.56953571428571,0.016180230942895436,0.5484544503577929,0.5484544503577929,-0.0351754998772728,6392540.0,2.477200596772006,
ny_equity_2025-01-28,ny_equity,2025-01-28,long,2025-01-28 14:45:00+00:00,below,2025-01-28 15:00:00+00:00,2025-01-28 15:00:00+00:00,2025-01-28 15:05:00+00:00,516.53,breakout_reentry_v1,509.7378910714285,513.845,515.63,515.63,512.06,513.845,3.57000000000005,9.288435714285713,0.018063506571800846,0.38434889467010597,0.38434889467010597,0.0019641780595476377,2353531.0,0.8349409400589214,
ny_equity_2025-01-30,ny_equity,2025-01-30,short,2025-01-30 14:45:00+00:00,above,2025-01-30 15:00:00+00:00,2025-01-30 15:00:00+00:00,2025-01-30 15:05:00+00:00,522.48,breakout_reentry_v1,526.3903446428571,523.3217,522.4834,524.16,522.4834,523.3217,1.6766000000000076,8.921378571428574,0.017129156483744357,0.18793059688885444,0.18793059688885444,0.005529635389666485,1838145.0,0.6709867444131132,
ny_equity_2025-02-03,ny_equity,2025-02-03,long,2025-02-03 14:50:00+00:00,below,2025-02-03 15:20:00+00:00,2025-02-03 15:20:00+00:00,2025-02-03 15:25:00+00:00,515.92,breakout_reentry_v1,510.33049642857145,514.205,515.84,515.84,512.57,514.205,3.269999999999982,8.958014285714285,0.01715141834175321,0.365036256440759,0.365036256440759,-0.01688716996304723,3422474.0,1.2853107543547062,
ny_equity_2025-02-05,ny_equity,2025-02-05,short,2025-02-05 14:45:00+00:00,above,2025-02-05 15:00:00+00:00,2025-02-05 15:00:00+00:00,2025-02-05 15:05:00+00:00,521.03,breakout_reentry_v1,524.9535214285714,521.8575,521.04,522.675,521.04,521.8575,1.634999999999991,9.114085714285709,0.017377706473746275,0.17939265124939957,0.17939265124939957,-0.00505271988864945,2488968.0,0.9222276259338115,
ny_equity_2025-02-06,ny_equity,2025-02-06,short,2025-02-06 14:45:00+00:00,above,2025-02-06 15:35:00+00:00,2025-02-06 15:35:00+00:00,2025-02-06 15:40:00+00:00,526.96,breakout_reentry_v1,529.7545928571429,526.995,526.4,527.59,526.4,526.995,1.1900000000000546,8.658371428571419,0.01643422497593512,0.13743924129579616,0.13743924129579616,0.0009680174622757727,1799206.0,0.6721957873542319,
ny_equity_2025-02-12,ny_equity,2025-02-12,short,2025-02-12 14:45:00+00:00,above,2025-02-12 15:00:00+00:00,2025-02-12 15:00:00+00:00,2025-02-12 15:05:00+00:00,523.86,breakout_reentry_v1,527.1380321428571,523.52,521.95,525.09,521.95,523.52,3.1399999999999864,8.192128571428542,0.015515688879388893,0.3832947655327672,0.3832947655327672,-0.010776719256046619,2133684.0,0.8539909477161264,
ny_equity_2025-02-19,ny_equity,2025-02-19,long,2025-02-19 14:45:00+00:00,below,2025-02-19 15:45:00+00:00,2025-02-19 15:45:00+00:00,2025-02-19 15:50:00+00:00,538.44,breakout_reentry_v1,536.039825,538.35,538.94,538.94,537.76,538.35,1.1800000000000637,6.880699999999986,0.01275692011049926,0.1714941793712945,0.1714941793712945,-0.0014832118953593165,1200143.0,0.5282991775053771,
ny_equity_2025-02-28,ny_equity,2025-02-28,short,2025-02-28 15:00:00+00:00,above,2025-02-28 16:25:00+00:00,2025-02-28 16:25:00+00:00,2025-02-28 16:30:00+00:00,501.27,breakout_reentry_v1,503.44546428571425,499.15999999999997,496.93,501.39,496.93,499.15999999999997,4.4599999999999795,8.221857142857127,0.016434839472399158,0.542456518339616,0.542456518339616,-0.0002798488816039066,4779972.0,2.3867405698416437,
ny_equity_2025-03-03,ny_equity,2025-03-03,long,2025-03-03 14:45:00+00:00,below,2025-03-03 16:20:00+00:00,2025-03-03 16:20:00+00:00,2025-03-03 16:25:00+00:00,509.6,breakout_reentry_v1,506.64489285714285,510.8875,513.04,513.04,508.735,510.8875,4.30499999999995,8.360428571428555,0.01645203095701941,0.5149257556857938,0.5149257556857938,0.006592282110317346,2677946.0,1.2456658397257174,
ny_equity_2025-03-05,ny_equity,2025-03-05,long,2025-03-05 14:55:00+00:00,below,2025-03-05 15:05:00+00:00,2025-03-05 15:05:00+00:00,2025-03-05 15:10:00+00:00,496.97,breakout_reentry_v1,491.08243035714287,495.365,497.13,497.13,493.6,495.365,3.5299999999999727,10.07027857142856,0.02032141776092939,0.3505364796973248,0.3505364796973248,0.00131167389768939,3590902.0,1.5622730052392173,
ny_equity_2025-03-06,ny_equity,2025-03-06,short,2025-03-06 14:50:00+00:00,above,2025-03-06 14:55:00+00:00,2025-03-06 14:55:00+00:00,2025-03-06 15:00:00+00:00,492.87,breakout_reentry_v1,496.4791767857143,492.7604,491.6508,493.87,491.6508,492.7604,2.2192000000000007,10.43670714285713,0.020789839132402007,0.21263411626135534,0.21263411626135534,-0.016573375032369858,3925588.0,1.6569888390553498,
ny_equity_2025-03-07,ny_equity,2025-03-07,short,2025-03-07 14:45:00+00:00,above,2025-03-07 15:10:00+00:00,2025-03-07 15:10:00+00:00,2025-03-07 15:15:00+00:00,489.09,breakout_reentry_v1,493.6500696428571,488.90999999999997,486.92,490.9,486.92,488.90999999999997,3.9799999999999613,11.000278571428554,0.02253231989231576,0.36180901912224006,0.36180901912224006,-0.0021302744776730102,2951506.0,1.2091675319410695,
ny_equity_2025-03-11,ny_equity,2025-03-11,short,2025-03-11 13:45:00+00:00,above,2025-03-11 14:00:00+00:00,2025-03-11 14:00:00+00:00,2025-03-11 14:05:00+00:00,471.475,breakout_reentry_v1,478.7934625,473.51075,471.4915,475.53,471.4915,473.51075,4.038499999999999,13.053849999999974,0.027613754151418302,0.30937233076831794,0.30937233076831794,-0.0008038415162989348,3994886.0,1.5350015017123442,
ny_equity_2025-03-12,ny_equity,2025-03-12,long,2025-03-12 13:45:00+00:00,below,2025-03-12 14:05:00+00:00,2025-03-12 14:05:00+00:00,2025-03-12 14:10:00+00:00,479.38,breakout_reentry_v1,475.0335910714286,479.745,481.06,481.06,478.43,479.745,2.6299999999999955,13.585635714285697,0.028807539682539646,0.19358681885121304,0.19358681885121304,0.016030534351145043,3689488.0,1.3630592668926569,
ny_equity_2025-03-13,ny_equity,2025-03-13,long,2025-03-13 13:45:00+00:00,below,2025-03-13 14:20:00+00:00,2025-03-13 14:20:00+00:00,2025-03-13 14:25:00+00:00,475.5,breakout_reentry_v1,470.31073392857144,475.01505,476.2801,476.2801,473.75,475.01505,2.5301000000000045,13.75706428571427,0.028845643474197494,0.18391278454861426,0.18391278454861426,-0.0014048477732114734,2021450.0,0.7149812219499324,
ny_equity_2025-03-14,ny_equity,2025-03-14,short,2025-03-14 13:45:00+00:00,above,2025-03-14 14:10:00+00:00,2025-03-14 14:10:00+00:00,2025-03-14 14:15:00+00:00,474.02,breakout_reentry_v1,480.44998035714286,475.2554,473.4608,477.05,473.4608,475.2554,3.5892000000000053,13.599921428571419,0.029038564778945678,0.26391328941501296,0.26391328941501296,0.011508732971772736,3296301.0,1.1682111771333903,
ny_equity_2025-03-17,ny_equity,2025-03-17,long,2025-03-17 14:35:00+00:00,below,2025-03-17 14:35:00+00:00,2025-03-17 14:35:00+00:00,2025-03-17 14:40:00+00:00,480.48,breakout_reentry_v1,475.7321446428572,481.15999999999997,483.14,483.14,479.18,481.15999999999997,3.9599999999999795,13.791421428571422,0.028752494326338283,0.28713501508960665,0.28713501508960665,-0.00010424050369013752,2908094.0,1.0102709762803477,
ny_equity_2025-03-21,ny_equity,2025-03-21,short,2025-03-21 13:45:00+00:00,above,2025-03-21 14:05:00+00:00,2025-03-21 14:05:00+00:00,2025-03-21 14:10:00+00:00,474.7,breakout_reentry_v1,478.6330357142857,474.1525,472.905,475.4,472.905,474.1525,2.4950000000000045,12.93214285714285,0.02698356394679892,0.1929301297983987,0.1929301297983987,-0.010808329507991501,2914050.0,0.9252597580922246,
ny_equity_2025-03-25,ny_equity,2025-03-25,long,2025-03-25 13:45:00+00:00,below,2025-03-25 13:50:00+00:00,2025-03-25 13:50:00+00:00,2025-03-25 13:55:00+00:00,491.37,breakout_reentry_v1,487.6742857142857,491.3125,492.005,492.005,490.62,491.3125,1.384999999999991,11.782857142857141,0.024014301436549017,0.11754364694471311,0.11754364694471311,0.0014877919536949442,2522131.0,0.7793347595469267,
ny_equity_2025-03-27,ny_equity,2025-03-27,short,2025-03-27 13:50:00+00:00,above,2025-03-27 14:05:00+00:00,2025-03-27 14:05:00+00:00,2025-03-27 14:10:00+00:00,483.16,breakout_reentry_v1,486.08964285714285,481.825,480.25,483.4,480.25,481.825,3.1499999999999773,10.758571428571425,0.02221101496463815,0.2927898021511067,0.2927898021511067,-0.004067054791692412,3396911.0,1.0598806443906181,
ny_equity_2025-03-31,ny_equity,2025-03-31,long,2025-03-31 13:45:00+00:00,below,2025-03-31 15:00:00+00:00,2025-03-31 15:00:00+00:00,2025-03-31 15:05:00+00:00,461.7,breakout_reentry_v1,455.59571607142857,460.26,462.52,462.52,458.0,460.26,4.519999999999982,9.61713571428571,0.020508243515771123,0.4699944073042224,0.4699944073042224,-0.014969932187486634,5747168.0,1.854133751337348,
ny_equity_2025-04-01,ny_equity,2025-04-01,short,2025-04-01 13:45:00+00:00,above,2025-04-01 14:00:00+00:00,2025-04-01 14:00:00+00:00,2025-04-01 14:05:00+00:00,467.04,breakout_reentry_v1,470.9566089285714,467.40959999999995,466.28,468.5392,466.28,467.40959999999995,2.259200000000021,9.669635714285713,0.020621077612995208,0.2336385844052354,0.2336385844052354,-0.0034547470783929126,2227450.0,0.6847135175027078,
ny_equity_2025-04-04,ny_equity,2025-04-04,long,2025-04-04 13:45:00+00:00,below,2025-04-04 15:20:00+00:00,2025-04-04 15:20:00+00:00,2025-04-04 15:25:00+00:00,437.12,breakout_reentry_v1,431.8234839285715,437.45500000000004,440.37,440.37,434.54,437.45500000000004,5.829999999999984,10.866064285714279,0.024111446069574133,0.5365328095532016,0.5365328095532016,-0.02778147605733821,8068753.0,2.5281877753099504,
ny_equity_2025-04-08,ny_equity,2025-04-08,short,2025-04-08 13:45:00+00:00,above,2025-04-08 15:10:00+00:00,2025-04-08 15:10:00+00:00,2025-04-08 15:15:00+00:00,435.8,breakout_reentry_v1,443.05544464285714,437.75,436.06,439.44,436.06,437.75,3.3799999999999955,14.461778571428571,0.03413292400441023,0.23371952372979188,0.23371952372979188,0.03415232835327722,8368800.0,2.151462519169593,
ny_equity_2025-04-09,ny_equity,2025-04-09,short,2025-04-09 14:00:00+00:00,above,2025-04-09 14:55:00+00:00,2025-04-09 14:55:00+00:00,2025-04-09 15:00:00+00:00,415.86,breakout_reentry_v1,427.98827321428575,419.70000000000005,415.43,423.97,415.43,419.70000000000005,8.54000000000002,16.073092857142857,0.03863167056949204,0.5313227563545655,0.5313227563545655,-0.0011777147526799239,6467726.0,1.5742248269374617,
ny_equity_2025-04-11,ny_equity,2025-04-11,short,2025-04-11 13:45:00+00:00,above,2025-04-11 14:00:00+00:00,2025-04-11 14:00:00+00:00,2025-04-11 14:05:00+00:00,446.89,breakout_reentry_v1,453.74496964285714,445.855,443.21,448.5,443.21,445.855,5.2900000000000205,20.979878571428568,0.047021109353688126,0.25214635928370926,0.25214635928370926,-0.003429109328073938,3948911.0,0.8872203597688871,
ny_equity_2025-04-14,ny_equity,2025-04-14,long,2025-04-14 13:45:00+00:00,below,2025-04-14 14:00:00+00:00,2025-04-14 14:00:00+00:00,2025-04-14 14:05:00+00:00,462.38,breakout_reentry_v1,453.4873517857143,461.925,465.05,465.05,458.8,461.925,6.25,21.250592857142856,0.04676626949195171,0.29410944165255226,0.29410944165255226,0.02213908450704226,4011292.0,0.894676695386501,
ny_equity_2025-04-15,ny_equity,2025-04-15,short,2025-04-15 13:45:00+00:00,above,2025-04-15 14:15:00+00:00,2025-04-15 14:15:00+00:00,2025-04-15 14:20:00+00:00,458.26,breakout_reentry_v1,466.43609107142856,459.5494,458.14,460.9588,458.14,459.5494,2.81880000000001,21.909164285714287,0.04789097727925655,0.12865849026646756,0.12865849026646756,0.0023170411821281855,1829350.0,0.4030586052742323,
ny_equity_2025-04-16,ny_equity,2025-04-16,long,2025-04-16 13:50:00+00:00,below,2025-04-16 14:40:00+00:00,2025-04-16 14:40:00+00:00,2025-04-16 14:45:00+00:00,450.7,breakout_reentry_v1,443.3214589285715,450.0,451.28,451.28,448.72,450.0,2.5599999999999454,21.59416428571429,0.04714985979107467,0.11855054755203119,0.11855054755203119,-0.0195637459333174,2314563.0,0.5188424924492483,
ny_equity_2025-04-23,ny_equity,2025-04-23,short,2025-04-23 13:50:00+00:00,above,2025-04-23 15:20:00+00:00,2025-04-23 15:20:00+00:00,2025-04-23 15:25:00+00:00,458.69,breakout_reentry_v1,467.7574714285714,459.7575,457.435,462.08,457.435,459.7575,4.644999999999982,22.709885714285715,0.05109315540471048,0.2045364762482284,0.2045364762482284,0.030800035997120223,6178428.0,1.3942758627646465,
ny_equity_2025-04-25,ny_equity,2025-04-25,long,2025-04-25 13:50:00+00:00,below,2025-04-25 14:00:00+00:00,2025-04-25 14:00:00+00:00,2025-04-25 14:05:00+00:00,466.96,breakout_reentry_v1,460.35020714285713,467.18,468.47,468.47,465.89,467.18,2.580000000000041,22.15917142857143,0.04741451038530315,0.11643034615786489,0.11643034615786489,-0.000813095110730706,2594699.0,0.5578787732420148,
ny_equity_2025-04-28,ny_equity,2025-04-28,short,2025-04-28 13:45:00+00:00,above,2025-04-28 13:55:00+00:00,2025-04-28 13:55:00+00:00,2025-04-28 14:00:00+00:00,471.04,breakout_reentry_v1,479.42747142857144,472.87,471.49,474.25,471.49,472.87,2.759999999999991,20.709885714285715,0.04382488089192,0.13326968763019964,0.13326968763019964,0.0009945826984932504,2797818.0,0.6067837479078506,
ny_equity_2025-04-30,ny_equity,2025-04-30,long,2025-04-30 13:55:00+00:00,below,2025-04-30 15:00:00+00:00,2025-04-30 15:00:00+00:00,2025-04-30 15:05:00+00:00,468.7299,breakout_reentry_v1,459.01692321428567,465.185,467.22,467.22,463.15,465.185,4.07000000000005,16.53230714285715,0.03476606553289414,0.24618463501983207,0.24618463501983207,-0.017664500662418727,3259428.0,0.7363962861536738,
ny_equity_2025-05-01,ny_equity,2025-05-01,short,2025-05-01 13:50:00+00:00,above,2025-05-01 13:50:00+00:00,2025-05-01 13:50:00+00:00,2025-05-01 13:55:00+00:00,482.7699,breakout_reentry_v1,487.3511125,482.66999999999996,481.45,483.89,481.45,482.66999999999996,2.4399999999999977,13.844450000000007,0.029117399625633596,0.17624391001448209,0.17624391001448209,0.01669926598944202,3230250.0,0.7213944006060049,
ny_equity_2025-05-02,ny_equity,2025-05-02,long,2025-05-02 13:50:00+00:00,below,2025-05-02 13:50:00+00:00,2025-05-02 13:50:00+00:00,2025-05-02 13:55:00+00:00,486.14,breakout_reentry_v1,482.0756732142857,486.395,487.64,487.64,485.15,486.395,2.490000000000009,12.297307142857148,0.02553003475929486,0.20248335436968554,0.20248335436968554,0.010089686098654736,2605140.0,0.5806029809586163,
ny_equity_2025-05-05,ny_equity,2025-05-05,short,2025-05-05 13:45:00+00:00,above,2025-05-05 14:30:00+00:00,2025-05-05 14:30:00+00:00,2025-05-05 14:35:00+00:00,484.88,breakout_reentry_v1,488.7209339285714,484.92,484.1,485.74,484.1,484.92,1.6399999999999864,11.923735714285717,0.024392397590748762,0.13754078749289264,0.13754078749289264,-0.008653315058404684,2282691.0,0.5339079550002722,
ny_equity_2025-05-06,ny_equity,2025-05-06,long,2025-05-06 13:50:00+00:00,below,2025-05-06 14:15:00+00:00,2025-05-06 14:15:00+00:00,2025-05-06 14:20:00+00:00,481.29,breakout_reentry_v1,476.3128160714286,480.175,481.19,481.19,479.16,480.175,2.0299999999999727,11.388735714285714,0.02343698827873503,0.17824629975859366,0.17824629975859366,-0.013108883995637241,2317151.0,0.5813025300365434,
ny_equity_2025-05-07,ny_equity,2025-05-07,short,2025-05-07 13:45:00+00:00,above,2025-05-07 13:45:00+00:00,2025-05-07 13:45:00+00:00,2025-05-07 13:50:00+00:00,481.6,breakout_reentry_v1,485.8241482142857,482.125,481.3,482.95,481.3,482.125,1.6499999999999773,11.496592857142856,0.023881084433524137,0.14352078224417847,0.14352078224417847,0.0013917450821544193,1769514.0,0.5087136979085032,
ny_equity_2025-05-08,ny_equity,2025-05-08,long,2025-05-08 13:45:00+00:00,below,2025-05-08 15:20:00+00:00,2025-05-08 15:20:00+00:00,2025-05-08 15:25:00+00:00,488.24,breakout_reentry_v1,484.25606607142856,487.83500000000004,488.74,488.74,486.93,487.83500000000004,1.8100000000000023,10.695735714285714,0.02213063462504803,0.16922632050289757,0.16922632050289757,0.010821435961100686,2039009.0,0.647624329744333,
ny_equity_2025-05-09,ny_equity,2025-05-09,long,2025-05-09 13:45:00+00:00,below,2025-05-09 13:45:00+00:00,2025-05-09 13:45:00+00:00,2025-05-09 13:50:00+00:00,490.6,breakout_reentry_v1,487.3823160714286,490.82500000000005,491.54,491.54,490.11,490.82500000000005,1.4300000000000068,10.910735714285712,0.022344786324286207,0.13106357237923658,0.13106357237923658,0.003932089536955414,1810840.0,0.6186658339620328,
ny_equity_2025-05-14,ny_equity,2025-05-14,long,2025-05-14 13:45:00+00:00,below,2025-05-14 13:55:00+00:00,2025-05-14 13:55:00+00:00,2025-05-14 14:00:00+00:00,517.12,breakout_reentry_v1,514.2254410714286,517.8050000000001,518.92,518.92,516.69,517.8050000000001,2.2299999999999045,9.858235714285712,0.01912030046022171,0.22620680460788528,0.22620680460788528,0.0022886401986073235,3928628.0,1.447708943961044,
ny_equity_2025-05-15,ny_equity,2025-05-15,long,2025-05-15 13:45:00+00:00,below,2025-05-15 13:50:00+00:00,2025-05-15 13:50:00+00:00,2025-05-15 13:55:00+00:00,516.4269,breakout_reentry_v1,513.6444071428572,516.6600000000001,517.38,517.38,515.94,516.6600000000001,1.4399999999999409,9.18237142857142,0.017703345855964024,0.1568222339078233,0.1568222339078233,-0.004164417367162737,3036189.0,1.0771783409452804,
ny_equity_2025-05-20,ny_equity,2025-05-20,long,2025-05-20 13:45:00+00:00,below,2025-05-20 14:35:00+00:00,2025-05-20 14:35:00+00:00,2025-05-20 14:40:00+00:00,520.12,breakout_reentry_v1,516.7298053571429,519.5275,520.095,520.095,518.96,519.5275,1.134999999999991,8.920778571428558,0.01708928674053861,0.127231047258046,0.127231047258046,-0.004865807168444979,2490683.0,0.8351971453613766,
ny_equity_2025-05-23,ny_equity,2025-05-23,short,2025-05-23 14:10:00+00:00,above,2025-05-23 14:15:00+00:00,2025-05-23 14:15:00+00:00,2025-05-23 14:20:00+00:00,508.25,breakout_reentry_v1,510.7096589285714,507.1475,505.58,508.715,505.58,507.1475,3.134999999999991,7.978635714285709,0.01552263757643134,0.3929243184253654,0.3929243184253654,-0.015214007782101155,5569770.0,1.9207578457835366,
ny_equity_2025-05-30,ny_equity,2025-05-30,long,2025-05-30 13:45:00+00:00,below,2025-05-30 14:10:00+00:00,2025-05-30 14:10:00+00:00,2025-05-30 14:15:00+00:00,519.12,breakout_reentry_v1,515.2794125,518.505,519.66,519.66,517.35,518.505,2.3099999999999454,8.282349999999996,0.015929740541996033,0.27890634904344136,0.27890634904344136,-0.0009424345584980583,3287012.0,1.0233540560475927,
ny_equity_2025-06-02,ny_equity,2025-06-02,long,2025-06-02 14:00:00+00:00,below,2025-06-02 14:05:00+00:00,2025-06-02 14:05:00+00:00,2025-06-02 14:10:00+00:00,517.99,breakout_reentry_v1,515.0886089285715,519.2850000000001,521.35,521.35,517.22,519.2850000000001,4.1299999999999955,8.525564285714276,0.016423425258065297,0.4844254129806238,0.4844254129806238,-0.0036023193542794483,3777492.0,1.1750182412053314,
ny_equity_2025-06-04,ny_equity,2025-06-04,long,2025-06-04 14:00:00+00:00,below,2025-06-04 14:15:00+00:00,2025-06-04 14:15:00+00:00,2025-06-04 14:20:00+00:00,528.02,breakout_reentry_v1,525.9930732142858,528.75,529.66,529.66,527.84,528.75,1.8199999999999363,7.387707142857137,0.014010444041071756,0.24635519042733275,0.24635519042733275,0.0013464820785132495,2941132.0,0.8894236548433869,
ny_equity_2025-06-05,ny_equity,2025-06-05,long,2025-06-05 13:45:00+00:00,below,2025-06-05 14:20:00+00:00,2025-06-05 14:20:00+00:00,2025-06-05 14:25:00+00:00,529.24,breakout_reentry_v1,526.4789178571428,529.59,530.85,530.85,528.33,529.59,2.519999999999982,7.404328571428574,0.014002928629514863,0.34034146049704256,0.34034146049704256,0.002666565803657485,2797405.0,0.8380524629071301,
ny_equity_2025-06-06,ny_equity,2025-06-06,long,2025-06-06 14:25:00+00:00,below,2025-06-06 14:30:00+00:00,2025-06-06 14:30:00+00:00,2025-06-06 14:35:00+00:00,529.93,breakout_reentry_v1,527.3840964285714,530.315,531.33,531.33,529.3,530.315,2.0300000000000864,7.663614285714289,0.014603201824947672,0.26488807034354545,0.26488807034354545,0.00992778063606402,4351789.0,1.2839492630166298,
ny_equity_2025-06-09,ny_equity,2025-06-09,short,2025-06-09 13:50:00+00:00,above,2025-06-09 13:55:00+00:00,2025-06-09 13:55:00+00:00,2025-06-09 14:00:00+00:00,529.92,breakout_reentry_v1,532.5089392857143,529.78,529.01,530.55,529.01,529.78,1.5399999999999636,7.835757142857143,0.014786679390959285,0.19653493235223407,0.19653493235223407,0.0004151570048309694,2206288.0,0.6294657597494471,
ny_equity_2025-06-10,ny_equity,2025-06-10,short,2025-06-10 13:50:00+00:00,above,2025-06-10 14:55:00+00:00,2025-06-10 14:55:00+00:00,2025-06-10 15:00:00+00:00,531.58,breakout_reentry_v1,534.2405464285714,531.56,530.75,532.37,530.75,531.56,1.6200000000000045,7.48218571428572,0.01409871059786267,0.21651427294927234,0.21651427294927234,0.0008856227623891342,2565423.0,0.727823119970497,
ny_equity_2025-06-11,ny_equity,2025-06-11,long,2025-06-11 13:45:00+00:00,below,2025-06-11 13:50:00+00:00,2025-06-11 13:50:00+00:00,2025-06-11 13:55:00+00:00,534.79,breakout_reentry_v1,532.3876678571428,535.04,535.81,535.81,534.27,535.04,1.5399999999999636,7.529328571428574,0.014094323527130855,0.20453350991266042,0.20453350991266042,0.002639411467400401,2941991.0,0.857944713371955,
ny_equity_2025-06-13,ny_equity,2025-06-13,short,2025-06-13 13:50:00+00:00,above,2025-06-13 14:15:00+00:00,2025-06-13 14:15:00+00:00,2025-06-13 14:20:00+00:00,527.77,breakout_reentry_v1,532.0227571428571,528.755,527.25,530.26,527.25,528.755,3.009999999999991,7.051028571428568,0.013212585862587731,0.4268880730673528,0.4268880730673528,-0.01120563654761462,3673448.0,1.1161417452325664,
ny_equity_2025-06-17,ny_equity,2025-06-17,long,2025-06-17 13:45:00+00:00,below,2025-06-17 13:50:00+00:00,2025-06-17 13:50:00+00:00,2025-06-17 13:55:00+00:00,531.98,breakout_reentry_v1,529.2084928571428,531.835,532.78,532.78,530.89,531.835,1.8899999999999864,6.726028571428559,0.012588722550353851,0.2809979142860769,0.2809979142860769,-0.004828838271350629,2390502.0,0.7219834052985533,
ny_equity_2025-06-25,ny_equity,2025-06-25,long,2025-06-25 13:50:00+00:00,below,2025-06-25 13:55:00+00:00,2025-06-25 13:55:00+00:00,2025-06-25 14:00:00+00:00,542.66,breakout_reentry_v1,540.2397428571429,542.625,543.31,543.31,541.94,542.625,1.3699999999998909,6.801028571428568,0.012599630537308846,0.20144011830141745,0.20144011830141745,0.00422394308792466,4603777.0,1.509609280979161,
ny_equity_2025-06-26,ny_equity,2025-06-26,long,2025-06-26 13:45:00+00:00,below,2025-06-26 14:00:00+00:00,2025-06-26 14:00:00+00:00,2025-06-26 14:05:00+00:00,543.61,breakout_reentry_v1,540.2786821428572,542.84,543.7,543.7,541.98,542.84,1.7200000000000273,6.805271428571416,0.012575340802297687,0.2527452458073513,0.2527452458073513,0.004046862295809104,2732251.0,0.8856140529889864,
ny_equity_2025-07-01,ny_equity,2025-07-01,short,2025-07-01 13:45:00+00:00,above,2025-07-01 13:55:00+00:00,2025-07-01 13:55:00+00:00,2025-07-01 14:00:00+00:00,549.76,breakout_reentry_v1,551.7606928571429,549.645,549.14,550.15,549.14,549.645,1.009999999999991,6.442771428571413,0.011679304308192685,0.15676483500889044,0.15676483500889044,-0.0034624030164599525,3036169.0,1.0217976755329492,
ny_equity_2025-07-07,ny_equity,2025-07-07,short,2025-07-07 13:50:00+00:00,above,2025-07-07 13:55:00+00:00,2025-07-07 13:55:00+00:00,2025-07-07 14:00:00+00:00,553.59,breakout_reentry_v1,555.9124107142857,553.38,552.49,554.27,552.49,553.38,1.7799999999999727,6.569642857142851,0.011811230910687948,0.27094319108452997,0.27094319108452997,-0.004854194383517395,3122852.0,1.0560254653858994,
ny_equity_2025-07-08,ny_equity,2025-07-08,long,2025-07-08 13:55:00+00:00,below,2025-07-08 14:30:00+00:00,2025-07-08 14:30:00+00:00,2025-07-08 14:35:00+00:00,553.05,breakout_reentry_v1,550.670625,552.92,553.55,553.55,552.29,552.92,1.259999999999991,6.4774999999999965,0.011733963733855038,0.19451949054419013,0.19451949054419013,0.0024455192652573644,2015927.0,0.6779763791000496,
ny_equity_2025-07-09,ny_equity,2025-07-09,long,2025-07-09 14:35:00+00:00,below,2025-07-09 14:35:00+00:00,2025-07-09 14:35:00+00:00,2025-07-09 14:40:00+00:00,555.13,breakout_reentry_v1,552.9488392857143,555.505,556.54,556.54,554.47,555.505,2.0699999999999363,6.084642857142853,0.011016118436366826,0.3402007395668149,0.3402007395668149,0.0038744251729007245,2826153.0,0.9893227711867046,
ny_equity_2025-07-11,ny_equity,2025-07-11,long,2025-07-11 13:45:00+00:00,below,2025-07-11 13:45:00+00:00,2025-07-11 13:45:00+00:00,2025-07-11 13:50:00+00:00,553.75,breakout_reentry_v1,550.7290178571429,553.2750000000001,554.33,554.33,552.22,553.2750000000001,2.1100000000000136,5.963928571428563,0.010737111479752566,0.3537936403377476,0.3537936403377476,-0.0038707354397337127,2886489.0,1.001574419223418,
ny_equity_2025-07-14,ny_equity,2025-07-14,long,2025-07-14 13:45:00+00:00,below,2025-07-14 13:45:00+00:00,2025-07-14 13:45:00+00:00,2025-07-14 13:50:00+00:00,553.45,breakout_reentry_v1,550.4772321428571,553.375,554.87,554.87,551.88,553.375,2.990000000000009,5.611071428571425,0.010124632675155945,0.532875055693465,0.532875055693465,-0.0003789245759654211,3660602.0,1.271405903736711,
ny_equity_2025-07-15,ny_equity,2025-07-15,long,2025-07-15 14:00:00+00:00,below,2025-07-15 14:05:00+00:00,2025-07-15 14:05:00+00:00,2025-07-15 14:10:00+00:00,559.37,breakout_reentry_v1,557.0745642857144,559.61005,560.8,560.8,558.4201,559.61005,2.379899999999907,5.382142857142859,0.009676458275009184,0.4421844724618273,0.4421844724618273,0.007263443663364491,3522597.0,1.1836439659357825,
ny_equity_2025-07-16,ny_equity,2025-07-16,long,2025-07-16 13:45:00+00:00,below,2025-07-16 14:45:00+00:00,2025-07-16 14:45:00+00:00,2025-07-16 14:50:00+00:00,556.0,breakout_reentry_v1,554.3841071428571,556.66,557.67,557.67,555.65,556.66,2.019999999999982,5.06357142857142,0.00909536468704451,0.39892791649033427,0.39892791649033427,0.0010058916510991979,2622803.0,0.883539307272356,
ny_equity_2025-07-24,ny_equity,2025-07-24,short,2025-07-24 13:45:00+00:00,above,2025-07-24 13:50:00+00:00,2025-07-24 13:50:00+00:00,2025-07-24 13:55:00+00:00,564.52,breakout_reentry_v1,567.01895,564.7950000000001,563.87,565.72,563.87,564.7950000000001,1.8500000000000227,5.195799999999987,0.00921551586527374,0.35605681511990983,0.35605681511990983,0.0023412142388394143,3635204.0,1.2138195838749095,
ny_equity_2025-07-28,ny_equity,2025-07-28,short,2025-07-28 13:45:00+00:00,above,2025-07-28 14:20:00+00:00,2025-07-28 14:20:00+00:00,2025-07-28 14:25:00+00:00,568.36,breakout_reentry_v1,569.6898428571428,568.025,567.54,568.51,567.54,568.025,0.9700000000000273,4.719371428571419,0.008332664916170381,0.20553584617806867,0.20553584617806867,0.002418913431149257,2652650.0,0.9070964046356109,
ny_equity_2025-07-30,ny_equity,2025-07-30,short,2025-07-30 13:45:00+00:00,above,2025-07-30 13:45:00+00:00,2025-07-30 13:45:00+00:00,2025-07-30 13:50:00+00:00,568.23,breakout_reentry_v1,569.8707357142857,567.98,567.27,568.69,567.27,567.98,1.4200000000000728,4.7229428571428524,0.00832588734820515,0.30066000012100563,0.30066000012100563,0.0016218312590345857,2329539.0,0.7919277415003474,
ny_equity_2025-08-05,ny_equity,2025-08-05,short,2025-08-05 13:45:00+00:00,above,2025-08-05 14:00:00+00:00,2025-08-05 14:00:00+00:00,2025-08-05 14:05:00+00:00,564.87,breakout_reentry_v1,567.3118071428571,565.0275,564.315,565.74,564.315,565.0275,1.4249999999999545,6.287228571428581,0.011145592220224394,0.22664994342271333,0.22664994342271333,0.002286828576493465,3179775.0,0.9681857088448302,
ny_equity_2025-08-06,ny_equity,2025-08-06,short,2025-08-06 13:45:00+00:00,above,2025-08-06 14:20:00+00:00,2025-08-06 14:20:00+00:00,2025-08-06 14:25:00+00:00,561.43,breakout_reentry_v1,564.0793196428571,561.585,560.63,562.54,560.63,561.585,1.9099999999999682,6.157278571428573,0.010989841632478221,0.3102019793067154,0.3102019793067154,0.001499277134238906,3022716.0,0.9043403845351522,
ny_equity_2025-08-07,ny_equity,2025-08-07,long,2025-08-07 13:45:00+00:00,below,2025-08-07 13:50:00+00:00,2025-08-07 13:50:00+00:00,2025-08-07 13:55:00+00:00,572.03,breakout_reentry_v1,569.6180017857143,571.975,572.75,572.75,571.2,571.975,1.5499999999999545,6.327992857142866,0.011154186098044958,0.24494338647211916,0.24494338647211916,0.007667630261580604,3387486.0,1.010501503155164,
ny_equity_2025-08-11,ny_equity,2025-08-11,short,2025-08-11 13:55:00+00:00,above,2025-08-11 14:45:00+00:00,2025-08-11 14:45:00+00:00,2025-08-11 14:50:00+00:00,575.0,breakout_reentry_v1,576.9068875,574.54,573.83,575.25,573.83,574.54,1.419999999999959,6.627550000000018,0.011535201462013782,0.21425715385020938,0.21425715385020938,0.00024366895831537736,2669445.0,0.7900995278055427,
ny_equity_2025-08-12,ny_equity,2025-08-12,long,2025-08-12 13:45:00+00:00,below,2025-08-12 13:50:00+00:00,2025-08-12 13:50:00+00:00,2025-08-12 13:55:00+00:00,574.66,breakout_reentry_v1,572.9622196428571,575.7750000000001,576.94,576.94,574.61,575.7750000000001,2.330000000000041,6.591121428571439,0.01150584171872469,0.35350585257007555,0.35350585257007555,0.004032469232783355,4100321.0,1.2316750117630775,
ny_equity_2025-08-13,ny_equity,2025-08-13,long,2025-08-13 13:45:00+00:00,below,2025-08-13 13:50:00+00:00,2025-08-13 13:50:00+00:00,2025-08-13 13:55:00+00:00,582.95,breakout_reentry_v1,580.6680232142857,582.84995,583.3199,583.3199,582.38,582.84995,0.939899999999966,6.847907142857155,0.01180571871882968,0.1372536134606246,0.1372536134606246,0.004672011033531655,2719229.0,0.8097891360405629,
ny_equity_2025-08-14,ny_equity,2025-08-14,short,2025-08-14 13:45:00+00:00,above,2025-08-14 15:20:00+00:00,2025-08-14 15:20:00+00:00,2025-08-14 15:25:00+00:00,579.5944,breakout_reentry_v1,581.6476,578.91,577.91,579.91,577.91,578.91,2.0,6.950400000000002,0.011976427611400216,0.28775322283609567,0.28775322283609567,-0.003549643312541026,3979975.0,1.1835412508200462,
ny_equity_2025-08-18,ny_equity,2025-08-18,long,2025-08-18 13:50:00+00:00,below,2025-08-18 14:00:00+00:00,2025-08-18 14:00:00+00:00,2025-08-18 14:05:00+00:00,576.76,breakout_reentry_v1,574.6332803571428,577.005,577.6,577.6,576.41,577.005,1.1900000000000546,7.106878571428573,0.012309693718482303,0.167443412468612,0.167443412468612,-0.0015588734541171186,2649255.0,0.7770410204731334,
ny_equity_2025-08-21,ny_equity,2025-08-21,long,2025-08-21 13:45:00+00:00,below,2025-08-21 14:05:00+00:00,2025-08-21 14:05:00+00:00,2025-08-21 14:10:00+00:00,564.89,breakout_reentry_v1,561.1048196428571,563.98,565.08,565.08,562.88,563.98,2.2000000000000455,7.100721428571417,0.012547661121349031,0.30982767344566287,0.30982767344566287,-0.002738999823290254,3763424.0,1.0587839521572473,
ny_equity_2025-08-26,ny_equity,2025-08-26,long,2025-08-26 13:45:00+00:00,below,2025-08-26 13:50:00+00:00,2025-08-26 13:50:00+00:00,2025-08-26 13:55:00+00:00,570.46,breakout_reentry_v1,568.0876517857142,570.3299999999999,570.98,570.98,569.68,570.3299999999999,1.3000000000000682,6.369392857142843,0.011168103621024763,0.20410108610936223,0.20410108610936223,-0.0008591667835601225,2636142.0,0.7252598369587608,
ny_equity_2025-08-27,ny_equity,2025-08-27,long,2025-08-27 13:45:00+00:00,below,2025-08-27 14:15:00+00:00,2025-08-27 14:15:00+00:00,2025-08-27 14:20:00+00:00,573.0,breakout_reentry_v1,569.4378303571428,571.59,572.21,572.21,570.97,571.59,1.240000000000009,6.128678571428558,0.01070305892567115,0.2023274651375578,0.2023274651375578,-0.001781317126840226,3620003.0,1.0028708956330576,
ny_equity_2025-08-28,ny_equity,2025-08-28,long,2025-08-28 13:50:00+00:00,below,2025-08-28 14:05:00+00:00,2025-08-28 14:05:00+00:00,2025-08-28 14:10:00+00:00,574.39,breakout_reentry_v1,572.3823839285715,575.185,576.53,576.53,573.84,575.185,2.689999999999941,5.830464285714267,0.01016663635933367,0.4613697757468383,0.4613697757468383,0.0010810999319953347,4349979.0,1.1839373062160847,
ny_equity_2025-09-03,ny_equity,2025-09-03,long,2025-09-03 13:45:00+00:00,below,2025-09-03 14:00:00+00:00,2025-09-03 14:00:00+00:00,2025-09-03 14:05:00+00:00,569.58,breakout_reentry_v1,566.4595267857143,568.815,569.6,569.6,568.03,568.815,1.57000000000005,6.28189285714285,0.011106207095121902,0.2499246701119513,0.2499246701119513,0.006382376860789954,3940938.0,1.0908491814585717,
ny_equity_2025-09-04,ny_equity,2025-09-04,long,2025-09-04 14:00:00+00:00,below,2025-09-04 14:25:00+00:00,2025-09-04 14:25:00+00:00,2025-09-04 14:30:00+00:00,570.74,breakout_reentry_v1,568.579257142857,571.265,572.35,572.35,570.18,571.265,2.1700000000000728,6.402971428571432,0.011231903851406724,0.33890515117982056,0.33890515117982056,0.0011752942621080903,3816308.0,1.0453395744784122,
ny_equity_2025-09-09,ny_equity,2025-09-09,long,2025-09-09 13:50:00+00:00,below,2025-09-09 14:10:00+00:00,2025-09-09 14:10:00+00:00,2025-09-09 14:15:00+00:00,579.68,breakout_reentry_v1,577.4482660714286,579.715,580.2,580.2,579.23,579.715,0.9700000000000273,7.1269357142857315,0.012311806993428112,0.1361033744215892,0.1361033744215892,0.0013820028676558719,3141701.0,0.7956374254283255,
ny_equity_2025-09-10,ny_equity,2025-09-10,long,2025-09-10 13:45:00+00:00,below,2025-09-10 14:00:00+00:00,2025-09-10 14:00:00+00:00,2025-09-10 14:05:00+00:00,582.83,breakout_reentry_v1,580.0668375,582.765,583.77,583.77,581.76,582.765,2.009999999999991,6.772650000000023,0.011666724087440393,0.29678190959225476,0.29678190959225476,0.005564072970319234,5149484.0,1.2963573654618485,
ny_equity_2025-09-11,ny_equity,2025-09-11,long,2025-09-11 13:45:00+00:00,below,2025-09-11 13:45:00+00:00,2025-09-11 13:45:00+00:00,2025-09-11 13:50:00+00:00,582.6,breakout_reentry_v1,580.0600517857142,582.6949999999999,583.73,583.73,581.66,582.6949999999999,2.07000000000005,6.399792857142886,0.01102082462053192,0.32344796874006604,0.32344796874006604,0.0043740313414843525,4203442.0,1.0444034495629906,
ny_equity_2025-09-18,ny_equity,2025-09-18,long,2025-09-18 13:45:00+00:00,below,2025-09-18 13:55:00+00:00,2025-09-18 13:55:00+00:00,2025-09-18 14:00:00+00:00,595.32,breakout_reentry_v1,592.0712500000001,594.645,595.72,595.72,593.57,594.645,2.1499999999999773,5.9950000000000205,0.010161016949152578,0.3586321934945738,0.3586321934945738,0.00832203389830503,6007937.0,1.4539853052770115,
ny_equity_2025-09-19,ny_equity,2025-09-19,short,2025-09-19 13:45:00+00:00,above,2025-09-19 14:40:00+00:00,2025-09-19 14:40:00+00:00,2025-09-19 14:45:00+00:00,596.93,breakout_reentry_v1,599.1951785714285,597.1025,596.555,597.65,596.555,597.1025,1.0950000000000273,6.180714285714308,0.010382171413213579,0.17716398936785308,0.17716398936785308,0.003376335416246709,4411818.0,1.0477948465105442,
ny_equity_2025-09-26,ny_equity,2025-09-26,short,2025-09-26 13:50:00+00:00,above,2025-09-26 14:05:00+00:00,2025-09-26 14:05:00+00:00,2025-09-26 14:10:00+00:00,593.54,breakout_reentry_v1,597.0552678571429,594.3425,592.96,595.725,592.96,594.3425,2.7649999999999864,5.321071428571429,0.008965126326506544,0.5196321900798685,0.5196321900798685,0.001381564537597173,4660090.0,1.029317488216972,
ny_equity_2025-09-29,ny_equity,2025-09-29,short,2025-09-29 13:45:00+00:00,above,2025-09-29 15:10:00+00:00,2025-09-29 15:10:00+00:00,2025-09-29 15:15:00+00:00,600.11,breakout_reentry_v1,601.9984821428571,599.8525,599.045,600.66,599.045,599.8525,1.615000000000009,5.3539285714285665,0.00898355382222019,0.3016476552598245,0.3016476552598245,0.005268721579945276,3960954.0,0.8719066531751798,
ny_equity_2025-09-30,ny_equity,2025-09-30,long,2025-09-30 13:50:00+00:00,below,2025-09-30 14:45:00+00:00,2025-09-30 14:45:00+00:00,2025-09-30 14:50:00+00:00,598.6,breakout_reentry_v1,595.1725892857143,597.6099999999999,598.67,598.67,596.55,597.6099999999999,2.1200000000000045,5.509642857142841,0.009202216119357374,0.38477993128929994,0.38477993128929994,-0.0005010605782240212,2910318.0,0.6400408420196189,
ny_equity_2025-10-01,ny_equity,2025-10-01,long,2025-10-01 13:45:00+00:00,below,2025-10-01 13:50:00+00:00,2025-10-01 13:50:00+00:00,2025-10-01 13:55:00+00:00,597.598,breakout_reentry_v1,595.3334821428572,597.885,599.07,599.07,596.7,597.885,2.3700000000000045,5.466071428571411,0.009104504603113765,0.4335837961450529,0.4335837961450529,-0.0053300464713427476,4346702.0,1.0076100404665342,
ny_equity_2025-10-03,ny_equity,2025-10-03,short,2025-10-03 13:50:00+00:00,above,2025-10-03 13:50:00+00:00,2025-10-03 13:50:00+00:00,2025-10-03 13:55:00+00:00,606.6007,breakout_reentry_v1,608.6829464285714,606.655,606.06,607.25,606.06,606.655,1.1900000000000546,5.7317857142856985,0.009462608281388899,0.2076141815689552,0.2076141815689552,0.0012877024416818924,3015144.0,0.6952191486075016,
ny_equity_2025-10-06,ny_equity,2025-10-06,long,2025-10-06 14:40:00+00:00,below,2025-10-06 15:00:00+00:00,2025-10-06 15:00:00+00:00,2025-10-06 15:05:00+00:00,607.22,breakout_reentry_v1,604.642580357143,607.3543999999999,608.6188,608.6188,606.09,607.3543999999999,2.528799999999933,5.789678571428559,0.009598591749442222,0.43677726989530796,0.43677726989530796,0.008737027089757777,4028893.0,0.9702722272295817,
ny_equity_2025-10-07,ny_equity,2025-10-07,long,2025-10-07 14:00:00+00:00,below,2025-10-07 14:05:00+00:00,2025-10-07 14:05:00+00:00,2025-10-07 14:10:00+00:00,609.26,breakout_reentry_v1,607.0645446428572,609.135,609.69,609.69,608.58,609.135,1.1100000000000136,6.06182142857142,0.009974858778975861,0.18311327924775336,0.18311327924775336,0.002155633443583198,3379852.0,0.8168356621802099,
ny_equity_2025-10-10,ny_equity,2025-10-10,short,2025-10-10 13:45:00+00:00,above,2025-10-10 14:55:00+00:00,2025-10-10 14:55:00+00:00,2025-10-10 15:00:00+00:00,608.47,breakout_reentry_v1,614.3860803571429,611.935,610.96,612.91,610.96,611.935,1.9499999999999318,5.904321428571434,0.009668120891716774,0.330266572304777,0.330266572304777,0.0011462256427049807,3732928.0,0.9263929273734884,
ny_equity_2025-10-13,ny_equity,2025-10-13,short,2025-10-13 13:50:00+00:00,above,2025-10-13 14:45:00+00:00,2025-10-13 14:45:00+00:00,2025-10-13 14:50:00+00:00,599.05,breakout_reentry_v1,601.9250089285714,598.6700000000001,597.23,600.11,597.23,598.6700000000001,2.8799999999999955,7.260035714285721,0.012315582212528788,0.39669226341861663,0.39669226341861663,0.01726887192536039,7040340.0,1.7416270622317616,
ny_equity_2025-10-15,ny_equity,2025-10-15,long,2025-10-15 13:45:00+00:00,below,2025-10-15 13:50:00+00:00,2025-10-15 13:50:00+00:00,2025-10-15 13:55:00+00:00,603.43,breakout_reentry_v1,599.9971339285713,603.05,604.04,604.04,602.06,603.05,1.9800000000000182,8.2514642857143,0.013798435260391807,0.23995741015664063,0.23995741015664063,0.010050167224080253,4352754.0,1.0109828486229266,
ny_equity_2025-10-16,ny_equity,2025-10-16,short,2025-10-16 13:45:00+00:00,above,2025-10-16 13:45:00+00:00,2025-10-16 13:45:00+00:00,2025-10-16 13:50:00+00:00,605.24,breakout_reentry_v1,608.6694732142856,605.745,604.94,606.55,604.94,605.745,1.6099999999999,8.477892857142876,0.014077733813461652,0.18990567905602004,0.18990567905602004,0.00479891069708742,3863581.0,0.8903341591287024,
ny_equity_2025-10-17,ny_equity,2025-10-17,short,2025-10-17 13:50:00+00:00,above,2025-10-17 15:10:00+00:00,2025-10-17 15:10:00+00:00,2025-10-17 15:15:00+00:00,598.0,breakout_reentry_v1,602.1445517857143,598.12995,596.37,599.8899,596.37,598.12995,3.519900000000007,9.018607142857158,0.01503126242580236,0.3902930845355437,0.3902930845355437,-0.003400056667611066,5142376.0,1.2150439464879614,
ny_equity_2025-10-21,ny_equity,2025-10-21,long,2025-10-21 13:45:00+00:00,below,2025-10-21 14:50:00+00:00,2025-10-21 14:50:00+00:00,2025-10-21 14:55:00+00:00,611.105,breakout_reentry_v1,607.6046339285714,610.855,611.72,611.72,609.99,610.855,1.7300000000000182,9.541464285714303,0.015602355178261935,0.1813138893775679,0.1813138893775679,0.00016352160120355617,3195218.0,0.7443270627183217,
ny_equity_2025-10-22,ny_equity,2025-10-22,short,2025-10-22 13:50:00+00:00,above,2025-10-22 14:00:00+00:00,2025-10-22 14:00:00+00:00,2025-10-22 14:05:00+00:00,610.47,breakout_reentry_v1,613.2630678571429,609.7900500000001,608.6301,610.95,608.6301,609.7900500000001,2.319900000000075,9.25227142857145,0.015133421813882447,0.25073842871017754,0.25073842871017754,-0.000915960613693522,3183161.0,0.7452558657309304,
ny_equity_2025-10-28,ny_equity,2025-10-28,long,2025-10-28 13:45:00+00:00,below,2025-10-28 13:55:00+00:00,2025-10-28 13:55:00+00:00,2025-10-28 14:00:00+00:00,630.66,breakout_reentry_v1,627.5230125,630.73,631.36,631.36,630.1,630.73,1.259999999999991,10.307949999999996,0.016411581142829843,0.1222357500763965,0.1222357500763965,0.0036141317327134355,3849578.0,0.9605290565193338,
ny_equity_2025-10-29,ny_equity,2025-10-29,short,2025-10-29 13:50:00+00:00,above,2025-10-29 14:45:00+00:00,2025-10-29 14:45:00+00:00,2025-10-29 14:50:00+00:00,635.4301,breakout_reentry_v1,638.7853803571429,635.765,635.31,636.22,635.31,635.765,0.9100000000000819,10.261521428571418,0.016212983360569137,0.08868080687005588,0.08868080687005588,0.004218542627820377,3816355.0,0.9412103105029349,
ny_equity_2025-10-30,ny_equity,2025-10-30,short,2025-10-30 13:50:00+00:00,above,2025-10-30 14:00:00+00:00,2025-10-30 14:00:00+00:00,2025-10-30 14:05:00+00:00,631.58,breakout_reentry_v1,634.8023446428572,629.975,627.76,632.19,627.76,629.975,4.430000000000064,10.449378571428563,0.01643578427957998,0.42394865586676,0.42394865586676,-0.005662425090834772,6505756.0,1.6150472440758208,
ny_equity_2025-10-31,ny_equity,2025-10-31,long,2025-10-31 13:45:00+00:00,below,2025-10-31 14:45:00+00:00,2025-10-31 14:45:00+00:00,2025-10-31 14:50:00+00:00,633.44,breakout_reentry_v1,629.5430125,633.05,634.2,634.2,631.9,633.05,2.300000000000068,9.427949999999985,0.015059420174107477,0.2439554728228376,0.2439554728228376,0.012970210047120845,3388263.0,0.8145100383034001,
ny_equity_2025-11-04,ny_equity,2025-11-04,short,2025-11-04 14:45:00+00:00,above,2025-11-04 16:05:00+00:00,2025-11-04 16:05:00+00:00,2025-11-04 16:10:00+00:00,624.21,breakout_reentry_v1,626.3885946428571,622.79935,621.3687,624.23,621.3687,622.79935,2.8613000000000284,8.634378571428556,0.013660262263366276,0.3313845896759918,0.3313845896759918,-0.013922288317934546,5647917.0,1.3604536495506372,
ny_equity_2025-11-10,ny_equity,2025-11-10,short,2025-11-10 14:45:00+00:00,above,2025-11-10 15:50:00+00:00,2025-11-10 15:50:00+00:00,2025-11-10 15:55:00+00:00,619.35,breakout_reentry_v1,623.6508267857143,619.96,618.56,621.36,618.56,619.96,2.800000000000068,9.163307142857125,0.01502822045930581,0.3055665336049214,0.3055665336049214,0.015055597467773067,5219964.0,1.1741283619735845,
ny_equity_2025-11-11,ny_equity,2025-11-11,long,2025-11-11 14:45:00+00:00,below,2025-11-11 14:55:00+00:00,2025-11-11 14:55:00+00:00,2025-11-11 15:00:00+00:00,621.06,breakout_reentry_v1,617.6597321428571,620.86,621.57,621.57,620.15,620.86,1.4200000000000728,9.961071428571406,0.01598297807963578,0.1425549460399488,0.1425549460399488,-0.004268087223015529,3485440.0,0.8003670890414242,
ny_equity_2025-11-17,ny_equity,2025-11-17,short,2025-11-17 14:45:00+00:00,above,2025-11-17 15:00:00+00:00,2025-11-17 15:00:00+00:00,2025-11-17 15:05:00+00:00,609.18,breakout_reentry_v1,613.7697321428572,608.2049999999999,605.24,611.17,605.24,608.2049999999999,5.92999999999995,10.398928571428574,0.017079342659114694,0.5702510560840697,0.5702510560840697,-0.004204579049371052,4611584.0,1.0551316916044096,
ny_equity_2025-11-18,ny_equity,2025-11-18,long,2025-11-18 14:45:00+00:00,below,2025-11-18 16:25:00+00:00,2025-11-18 16:25:00+00:00,2025-11-18 16:30:00+00:00,597.87,breakout_reentry_v1,595.1427678571429,600.0799999999999,602.31,602.31,597.85,600.0799999999999,4.459999999999923,10.82892857142858,0.01793878768086105,0.41185976715806777,0.41185976715806777,-0.006692509028260882,7004492.0,1.5990378139373729,
ny_equity_2025-11-19,ny_equity,2025-11-19,short,2025-11-19 14:45:00+00:00,above,2025-11-19 16:05:00+00:00,2025-11-19 16:05:00+00:00,2025-11-19 16:10:00+00:00,600.05,breakout_reentry_v1,603.4264178571428,598.37995,596.14,600.6199,596.14,598.37995,4.479900000000043,11.226071428571434,0.01882589832230121,0.39906213215410924,0.39906213215410924,0.0012745048716273494,4079984.0,0.8925986425731033,
ny_equity_2025-11-20,ny_equity,2025-11-20,short,2025-11-20 14:45:00+00:00,above,2025-11-20 15:55:00+00:00,2025-11-20 15:55:00+00:00,2025-11-20 16:00:00+00:00,610.49,breakout_reentry_v1,615.2175892857143,611.2049999999999,610.03,612.38,610.03,611.2049999999999,2.3500000000000227,11.350357142857149,0.018921361533094084,0.20704194329945755,0.20704194329945755,0.019587577308416825,6899527.0,1.4947802810492241,
ny_equity_2025-11-21,ny_equity,2025-11-21,long,2025-11-21 14:45:00+00:00,below,2025-11-21 14:45:00+00:00,2025-11-21 14:45:00+00:00,2025-11-21 14:50:00+00:00,587.26,breakout_reentry_v1,583.0550892857143,587.81,589.35,589.35,586.27,587.81,3.080000000000041,12.859642857142855,0.021957147979481374,0.23950898436415463,0.23950898436415463,0.0030734031109670434,7222316.0,1.497857646059177,
ny_equity_2025-11-25,ny_equity,2025-11-25,long,2025-11-25 14:45:00+00:00,below,2025-11-25 15:40:00+00:00,2025-11-25 15:40:00+00:00,2025-11-25 15:45:00+00:00,603.23,breakout_reentry_v1,596.7223214285714,602.115,604.07,604.07,600.16,602.115,3.910000000000082,13.750714285714277,0.022722444123395927,0.2843488649940324,0.2843488649940324,-0.0027265516557604228,4983233.0,0.9874795214834178,
ny_equity_2025-11-26,ny_equity,2025-11-26,short,2025-11-26 14:50:00+00:00,above,2025-11-26 14:55:00+00:00,2025-11-26 14:55:00+00:00,2025-11-26 15:00:00+00:00,611.15,breakout_reentry_v1,617.1610732142857,612.675,611.69,613.66,611.69,612.675,1.9699999999999136,14.004292857142843,0.022999709072480817,0.1406711513459333,0.1406711513459333,0.00594524462546602,3356966.0,0.6578288609825798,
ny_equity_2025-11-28,ny_equity,2025-11-28,short,2025-11-28 16:05:00+00:00,above,2025-11-28 16:25:00+00:00,2025-11-28 16:25:00+00:00,2025-11-28 16:30:00+00:00,616.78,breakout_reentry_v1,620.9796446428572,616.4987000000001,615.4174,617.58,615.4174,616.4987000000001,2.1625999999999976,13.598578571428561,0.022137787245720224,0.15903132732885417,0.15903132732885417,0.0029954254643723963,2627977.0,0.5173050842391361,
ny_equity_2025-12-01,ny_equity,2025-12-01,short,2025-12-01 14:45:00+00:00,above,2025-12-01 15:30:00+00:00,2025-12-01 15:30:00+00:00,2025-12-01 15:35:00+00:00,614.41,breakout_reentry_v1,618.4376803571428,613.8499999999999,612.52,615.18,612.52,613.8499999999999,2.659999999999968,13.030721428571423,0.021042747563296608,0.20413298024832288,0.20413298024832288,-0.009075494549858707,4074402.0,0.8338520517889324,
ny_equity_2025-12-02,ny_equity,2025-12-02,short,2025-12-02 15:00:00+00:00,above,2025-12-02 16:10:00+00:00,2025-12-02 16:10:00+00:00,2025-12-02 16:15:00+00:00,620.6,breakout_reentry_v1,625.486575,620.67275,618.98,622.3655,618.98,620.67275,3.385499999999979,12.484300000000003,0.020228300144206627,0.2711806028371617,0.2711806028371617,0.003710484955522915,4300439.0,0.8739756488700746,
ny_equity_2025-12-03,ny_equity,2025-12-03,short,2025-12-03 15:00:00+00:00,above,2025-12-03 15:05:00+00:00,2025-12-03 15:05:00+00:00,2025-12-03 15:10:00+00:00,620.05,breakout_reentry_v1,623.7866107142856,619.6065,618.563,620.65,618.563,619.6065,2.086999999999989,12.54644285714286,0.020171129995406527,0.1663419682983557,0.1663419682983557,-0.0038263665594855233,3694312.0,0.744646141042088,
ny_equity_2025-12-04,ny_equity,2025-12-04,long,2025-12-04 14:55:00+00:00,below,2025-12-04 15:35:00+00:00,2025-12-04 15:35:00+00:00,2025-12-04 15:40:00+00:00,622.94,breakout_reentry_v1,617.9287464285713,622.995,624.94,624.94,621.05,622.995,3.8900000000001,12.485014285714287,0.020023438359177394,0.3115735321545567,0.3115735321545567,0.0022613548883756228,4952627.0,1.0183289891398333,
ny_equity_2025-12-05,ny_equity,2025-12-05,short,2025-12-05 14:50:00+00:00,above,2025-12-05 16:05:00+00:00,2025-12-05 16:05:00+00:00,2025-12-05 16:10:00+00:00,625.67,breakout_reentry_v1,629.6598250000001,625.475,624.24,626.71,624.24,625.475,2.4700000000000273,11.799300000000008,0.018941310559604466,0.2093344520437675,0.2093344520437675,0.002311619096542108,5071225.0,1.0296137457955032,
ny_equity_2025-12-09,ny_equity,2025-12-09,short,2025-12-09 15:00:00+00:00,above,2025-12-09 15:10:00+00:00,2025-12-09 15:10:00+00:00,2025-12-09 15:15:00+00:00,623.48,breakout_reentry_v1,626.5401821428571,622.435,621.0,623.87,621.0,622.435,2.8700000000000045,10.680728571428565,0.017108875138445195,0.2687082609399311,0.2687082609399311,-0.002034343563785452,3675120.0,0.7576009710746159,
ny_equity_2025-12-10,ny_equity,2025-12-10,short,2025-12-10 14:45:00+00:00,above,2025-12-10 14:45:00+00:00,2025-12-10 14:45:00+00:00,2025-12-10 14:50:00+00:00,623.54,breakout_reentry_v1,626.7571464285714,623.0699999999999,621.92,624.22,621.92,623.0699999999999,2.300000000000068,10.148585714285714,0.01623643822779892,0.22663256386182562,0.22663256386182562,-0.001919846412286908,3222683.0,0.6750834864317233,
ny_equity_2025-12-11,ny_equity,2025-12-11,long,2025-12-11 14:45:00+00:00,below,2025-12-11 15:20:00+00:00,2025-12-11 15:20:00+00:00,2025-12-11 15:25:00+00:00,623.38,breakout_reentry_v1,619.267675,622.8575000000001,623.97,623.97,621.745,622.8575000000001,2.2250000000000227,9.909300000000005,0.015788945364159278,0.22453654647654442,0.22453654647654442,-0.006038782046175114,4529775.0,0.9515100868544998,
ny_equity_2025-12-16,ny_equity,2025-12-16,long,2025-12-16 14:45:00+00:00,below,2025-12-16 14:45:00+00:00,2025-12-16 14:45:00+00:00,2025-12-16 14:50:00+00:00,610.35,breakout_reentry_v1,605.7691035714286,609.39045,611.0509,611.0509,607.73,609.39045,3.320899999999938,7.843585714285723,0.012846964513849582,0.4233905411336932,0.4233905411336932,-0.0037343990565728256,3692081.0,0.790190331850293,
ny_equity_2025-12-18,ny_equity,2025-12-18,long,2025-12-18 14:45:00+00:00,below,2025-12-18 14:50:00+00:00,2025-12-18 14:50:00+00:00,2025-12-18 14:55:00+00:00,609.25,breakout_reentry_v1,605.2339285714286,609.07,610.95,610.95,607.19,609.07,3.759999999999991,7.82428571428572,0.013031571283432523,0.4805550483841504,0.4805550483841504,0.015639313136023694,7428844.0,1.6508295514917026,
ny_equity_2025-12-22,ny_equity,2025-12-22,long,2025-12-22 15:30:00+00:00,below,2025-12-22 16:15:00+00:00,2025-12-22 16:15:00+00:00,2025-12-22 16:20:00+00:00,619.78,breakout_reentry_v1,616.6346446428572,620.2012500000001,621.65,621.65,618.7525,620.2012500000001,2.8974999999999227,8.471421428571423,0.013728905969648203,0.3420323288636748,0.3420323288636748,0.006968641114982689,4200738.0,0.906733198830144,
ny_equity_2025-12-23,ny_equity,2025-12-23,short,2025-12-23 14:45:00+00:00,above,2025-12-23 15:00:00+00:00,2025-12-23 15:00:00+00:00,2025-12-23 15:05:00+00:00,618.01,breakout_reentry_v1,622.4924982142857,619.23,618.05,620.41,618.05,619.23,2.3600000000000136,8.329992857142852,0.01345261358366766,0.2833135682675102,0.2833135682675102,-0.0016311106086787856,4019271.0,0.8968087797795773,
ny_equity_2025-12-24,ny_equity,2025-12-24,short,2025-12-24 15:10:00+00:00,above,2025-12-24 15:20:00+00:00,2025-12-24 15:20:00+00:00,2025-12-24 15:25:00+00:00,622.315,breakout_reentry_v1,624.8346410714286,622.25,621.72,622.78,621.72,622.25,1.0599999999999454,8.218564285714276,0.013210789548012853,0.12897629843237526,0.12897629843237526,-0.00019289193229493908,2069910.0,0.4694120262353769,
ny_equity_2025-12-26,ny_equity,2025-12-26,short,2025-12-26 14:45:00+00:00,above,2025-12-26 14:50:00+00:00,2025-12-26 14:50:00+00:00,2025-12-26 14:55:00+00:00,624.38,breakout_reentry_v1,627.4439267857143,624.6500000000001,623.86,625.44,623.86,624.6500000000001,1.580000000000041,8.015707142857122,0.012847125707783121,0.1971129897638532,0.1971129897638532,0.0011700030452134345,2465658.0,0.578261649314183,
ny_equity_2025-12-29,ny_equity,2025-12-29,long,2025-12-29 15:10:00+00:00,below,2025-12-29 15:20:00+00:00,2025-12-29 15:20:00+00:00,2025-12-29 15:25:00+00:00,620.875,breakout_reentry_v1,617.1704482142858,620.9449999999999,622.78,622.78,619.11,620.9449999999999,3.669999999999959,7.758207142857129,0.012435216372849589,0.4730474364014469,0.4730474364014469,-0.006074788824953058,4376947.0,1.03735133339418,
ny_equity_2025-12-30,ny_equity,2025-12-30,long,2025-12-30 14:45:00+00:00,below,2025-12-30 14:45:00+00:00,2025-12-30 14:45:00+00:00,2025-12-30 14:50:00+00:00,620.85,breakout_reentry_v1,617.6759839285714,620.19,620.8,620.8,619.58,620.19,1.2199999999999136,7.6160642857142715,0.012266761617914011,0.16018772350547408,0.16018772350547408,-0.0016589624236957377,1973917.0,0.4583259690054595,
